"TIPO","NUMERO","ANIO","ASUNTO","FEC_SANCION","FEC_PROMULGACION","NRO_BOLETIN","ANIO_BOLETIN","FEC_PUBLICACION_BOLETIN","FUE_ACTUALIZADA","TEXTO_VIGENTE_NORMA"
"Declaración Concejo Municipal",5931,2022,"El Concejo Municipal declara su profunda preocupación por el informe presentado por el ""Observatorio Argentinos por la Educación"".","02/06/2022","22/06/2022",,,,"NO","https://www.rosario.gob.ar/normativa/ver/visualExterna.do?accion=verNormativa&idNormativa=191945"
"Declaración Concejo Municipal",5920,2022,"Año 2022. Homenaje caídos. ISLAS MALVINAS, GEORGIAS DEL SUR, SANDWICH DEL SUR. Declaración.","09/03/2022","31/03/2022",,,,"NO","https://www.rosario.gob.ar/normativa/ver/visualExterna.do?accion=verNormativa&idNormativa=186570"
"Declaración Concejo Municipal",50928,2017,"Declarar de Interés Municipal al libro ""Frutillas. Un libro sobre educación y trabajo"".","09/11/2017","14/11/2017",,,,"NO","https://www.rosario.gob.ar/normativa/ver/visualExterna.do?accion=verNormativa&idNormativa=129964"
"Declaración Concejo Municipal",5684,2017,"Arbitrar las medidas necesarias con el fin de preservar la continuidad educativa de la Escuela Técnica Nº 472 ""Crisol"".","30/03/2017","07/04/2017",,,,"NO","https://www.rosario.gob.ar/normativa/ver/visualExterna.do?accion=verNormativa&idNormativa=122027"
"Declaración Concejo Municipal",5675,2016,"""Día del Círculo de Comunicadores de Rosario y la Región"". Declaración.","24/11/2016","22/12/2016",705,2017,"06/01/2017","NO","https://www.rosario.gob.ar/normativa/ver/visualExterna.do?accion=verNormativa&idNormativa=119046"
"Declaración Concejo Municipal",5671,2016,"Adhiere a las actividades que se realizaran desde el 14 al 20/11/2016 en el marco del dia mundial del prematuro","03/11/2016","11/11/2016",,,,"NO","https://www.rosario.gob.ar/normativa/ver/visualExterna.do?accion=verNormativa&idNormativa=118596"
"Declaración Concejo Municipal",5641,2016,"50 Aniversario del Derrocamiento del Presidente Constitucional Dr. Arturo Umberto Illia. Conmemoración.","09/06/2016","13/07/2016",,,,"NO","https://www.rosario.gob.ar/normativa/ver/visualExterna.do?accion=verNormativa&idNormativa=115173"
"Declaración Concejo Municipal",5624,2016,"DECLARA SU BENEPLACITO Y APOYO AL PROYECTO DE LEY DEL EXPTE. Nº 30054 DB, APROBADO EL DIA 24/09/2015","14/04/2016","06/05/2016",,,,"NO","https://www.rosario.gob.ar/normativa/ver/visualExterna.do?accion=verNormativa&idNormativa=113138"
"Declaración Concejo Municipal",5615,2016,"EXPRESA SU PREOCUPACION POR LA SITUACION LABORAL DE LOS 300 EMPLEADOS DE LA EMPRESA SOL LINEAS AEREAS","18/02/2016","30/03/2016",,,,"NO","https://www.rosario.gob.ar/normativa/ver/visualExterna.do?accion=verNormativa&idNormativa=112432"
"Declaración Concejo Municipal",5600,2015,"Declarar la Adhesión de C.M. al Homenaje a Oscar Moro.","08/07/2015","13/07/2015",,,,"NO","https://www.rosario.gob.ar/normativa/ver/visualExterna.do?accion=verNormativa&idNormativa=107166"
"Declaración Concejo Municipal",5494,2014,"El CM manifiesta su preocupación por la reducción presupuestaria que ha sufrido el Consejo Nac. de la Mujer.","06/03/2014","20/03/2014",,,,"NO","https://www.rosario.gob.ar/normativa/ver/visualExterna.do?accion=verNormativa&idNormativa=97779"
"Declaración Concejo Municipal",5467,2013,"Recomendación a los servicios de comunicación audiovisual la difusión de la línea ""144"" ante noticias sobre violencia de género.","17/10/2013","11/11/2013",,,,"NO","https://www.rosario.gob.ar/normativa/ver/visualExterna.do?accion=verNormativa&idNormativa=96146"
"Declaración Concejo Municipal",5462,2013,"Declárese de interés municipal la Marcha del Orgullo 2013, a realizarse el 05/10/13.","03/10/2013","11/10/2013",,,,"NO","https://www.rosario.gob.ar/normativa/ver/visualExterna.do?accion=verNormativa&idNormativa=95852"
"Declaración Concejo Municipal",5461,2013,"Declaración de Interés Municipal al Séptimo Festival Internacional de Música Popular Latinoamericana ""Sonamos Latinoamérica""","03/10/2013","08/10/2013",,,,"NO","https://www.rosario.gob.ar/normativa/ver/visualExterna.do?accion=verNormativa&idNormativa=94195"
"Declaración Concejo Municipal",5460,2013,"Declaración de Interés Municipal a la Muestra fotográfica y proyección de video ""Rosario más allá del monumento...""","03/10/2013","10/10/2013",,,,"NO","https://www.rosario.gob.ar/normativa/ver/visualExterna.do?accion=verNormativa&idNormativa=94189"
"Declaración Concejo Municipal",5457,2013,"Declarar de interes municipal las activ. a realizarse  en octubre 2013 por el dia internacional del baston blanco","03/10/2013","17/10/2013",,,,"NO","https://www.rosario.gob.ar/normativa/ver/visualExterna.do?accion=verNormativa&idNormativa=97648"
"Declaración Concejo Municipal",5454,2013,"""Día de Rosario Ciudad Solidaria"". 6 de Agosto. Declaración.","03/10/2013","23/10/2013",,,,"NO","https://www.rosario.gob.ar/normativa/ver/visualExterna.do?accion=verNormativa&idNormativa=95431"
"Declaración Concejo Municipal",5442,2013,"El CMR manifiesta su agrado por la Mención Especial que se otorgará a la Munic. de Rosario en el marco de la II Cumbre Iberoamericana de Agendas Locales de Género: ""repensando las ciudades desde los Derechos de las Mujeres""","05/09/2013","17/09/2013",,,,"NO","https://www.rosario.gob.ar/normativa/ver/visualExterna.do?accion=verNormativa&idNormativa=93956"
"Declaración Concejo Municipal",5437,2013,"El C.M. ratifica en todos sus términos la Declaración de la ciudad de Rosario como Municipio No Eutanásico aprobada el 5 de agosto del año 2004.","29/08/2013","09/09/2013",,,,"NO","https://www.rosario.gob.ar/normativa/ver/visualExterna.do?accion=verNormativa&idNormativa=95843"
"Declaración Concejo Municipal",5416,2013,"El C.M. verá con agrado que el corredor exclusivo para nadadores de aguas abiertas se denomine Marcelo ""Turco"" Abram.","30/05/2013","10/06/2013",,,,"NO","https://www.rosario.gob.ar/normativa/ver/visualExterna.do?accion=verNormativa&idNormativa=91832"
"Declaración Concejo Municipal",5412,2013,"Interés municipal. Campaña Nacional de concientizacion vial estrella amarilla ""Si a la vida"". Declaración.","23/05/2013",,,,,"NO","https://www.rosario.gob.ar/normativa/ver/visualExterna.do?accion=verNormativa&idNormativa=92308"
"Declaración Concejo Municipal",5386,2013,"El CM expresa su adhesión al amparo colectivo presentado por el Comité Nac. de la UCR a fin de que se implementen las herramientas propuestas por la Ley 26485 de protección integral para prevenir, sancionar y erradicar la violencia contra las mujeres.","04/04/2013","16/04/2013",,,,"NO","https://www.rosario.gob.ar/normativa/ver/visualExterna.do?accion=verNormativa&idNormativa=90339"
"Declaración Concejo Municipal",5327,2012,"Interés Municipal la campaña de colecta de libros infantiles ""Doná Cuentos Infantiles"".","20/09/2012","03/10/2012",,,,"NO","https://www.rosario.gob.ar/normativa/ver/visualExterna.do?accion=verNormativa&idNormativa=87722"
"Declaración Concejo Municipal",5315,2012,"Conmemoración. Aniversario Nº 160 de la Declaración de Rosario como ciudad. Adhesión.","02/08/2012","23/08/2012",,,,"NO","https://www.rosario.gob.ar/normativa/ver/visualExterna.do?accion=verNormativa&idNormativa=85798"
"Declaración Concejo Municipal",5256,2012,"Interés. ""2 de Abril - Día Mundial de Concientización sobre el Autismo"". Declaración. Adhesión.","29/03/2012","04/04/2012",,,,"NO","https://www.rosario.gob.ar/normativa/ver/visualExterna.do?accion=verNormativa&idNormativa=83717"
"Declaración Concejo Municipal",5240,2012,"Ley de Identidad de Género. Media sanción. Conformidad.","23/02/2012","09/03/2012",,,,"NO","https://www.rosario.gob.ar/normativa/ver/visualExterna.do?accion=verNormativa&idNormativa=82504"
"Declaración Concejo Municipal",5174,2011,"Ex-presos políticos de Rosario. Pensión no contributiva. Solicitud.","25/08/2011","15/09/2011",,,,"NO","https://www.rosario.gob.ar/normativa/ver/visualExterna.do?accion=verNormativa&idNormativa=78840"
"Declaración Concejo Municipal",5162,2011,"Visitante Distinguido. Carlitos Balá. Declaración.","04/08/2011","16/08/2011",,,,"NO","https://www.rosario.gob.ar/normativa/ver/visualExterna.do?accion=verNormativa&idNormativa=77335"
"Declaración Concejo Municipal",5159,2011,"Interés Municipal. Seminario ""Repensando el mundo del trabajo en el siglo XXI"". Declaración.","04/08/2011","24/08/2011",,,,"NO","https://www.rosario.gob.ar/normativa/ver/visualExterna.do?accion=verNormativa&idNormativa=79041"
"Declaración Concejo Municipal",5158,2011,"Interés Municipal. ""VI Jornadas de Docentes Universitarios de Sistemas y Tecnologías de Información de Facultades de Ciencias Económicas - DUTI 2011"". Declaración.","04/08/2011","15/08/2011",,,,"NO","https://www.rosario.gob.ar/normativa/ver/visualExterna.do?accion=verNormativa&idNormativa=77116"
"Declaración Concejo Municipal",5068,2010,"Interés Municipal. ""Primer Encuentro de Poetas Virtuales"". Declaración.","26/08/2010","13/09/2010",,,,"NO","https://www.rosario.gob.ar/normativa/ver/visualExterna.do?accion=verNormativa&idNormativa=70972"
"Declaración Concejo Municipal",5016,2010,"Interés Municipal. ""Festival de Solidaridad Todos por Haiti"". Declaración.","26/02/2010","22/03/2010",,,,"NO","https://www.rosario.gob.ar/normativa/ver/visualExterna.do?accion=verNormativa&idNormativa=66397"
"Declaración Concejo Municipal",4972,2009,"Interés Municipal. ""Jornadas de restauración y pintada colectiva de murales en paredes linderas a Plaza Lisandro de la Torre"". Declaración.","15/10/2009","22/10/2009",,,,"NO","https://www.rosario.gob.ar/normativa/ver/visualExterna.do?accion=verNormativa&idNormativa=63534"
"Declaración Concejo Municipal",4969,2009,"Interés Municipal. ""Primer Concurso Zonal de Equitación Adaptada de NOEA (Nuevas Olimpíadas Especiales - Argentina). Declaración.","15/10/2009","26/10/2009",,,,"NO","https://www.rosario.gob.ar/normativa/ver/visualExterna.do?accion=verNormativa&idNormativa=63606"
"Declaración Concejo Municipal",4968,2009,"Interés Municipal. ""Jugadores de ajedrez que concurran al Campeonato Mundial"". Declaración.","15/10/2009","26/10/2009",,,,"NO","https://www.rosario.gob.ar/normativa/ver/visualExterna.do?accion=verNormativa&idNormativa=63605"
"Declaración Concejo Municipal",4918,2009,"Interés Municipal. ""Celebración del 150º Aniversario de la Fundación Original de la Iglesia San José de la Caridad"". Declaración.","23/04/2009","04/05/2009",,,,"NO","https://www.rosario.gob.ar/normativa/ver/visualExterna.do?accion=verNormativa&idNormativa=57690"
"Declaración Concejo Municipal",2501,1991,"Fondo de Asistencia Educativa. Aportes. Cumplimiento","05/06/1991","18/06/1991",,,,"NO","https://www.rosario.gob.ar/normativa/ver/visualExterna.do?accion=verNormativa&idNormativa=66499"
