"TIPO","NUMERO","ANIO","ASUNTO","FEC_SANCION","NRO_BOLETIN","ANIO_BOLETIN","FEC_PUBLICACION_BOLETIN","FUE_ACTUALIZADA","TEXTO_VIGENTE_NORMA"
"Decreto - Ordenanza",3560,1983,"Espectáculos públicos. Ruidos molestos.","06/12/1983",,,,"NO","https://www.rosario.gob.ar/normativa/ver/visualExterna.do?accion=verNormativa&idNormativa=33115"
"Decreto - Ordenanza",3548,1983,"Código Urbano. Sección 5º. Sector Bv. Seguí - Avda. Rouillón -Calle 1813 (antes D) - Provincias Unidas. Trazado Oficial. Modificación.","05/12/1983",,,,"NO","https://www.rosario.gob.ar/normativa/ver/visualExterna.do?accion=verNormativa&idNormativa=34099"
"Decreto - Ordenanza",3543,1983,"Comisión Municipal de Boxeo. Reglamento Interno. Aprobación.","29/11/1983",,,,"NO","https://www.rosario.gob.ar/normativa/ver/visualExterna.do?accion=verNormativa&idNormativa=39604"
"Decreto - Ordenanza",3542,1983,"Clubes. Gimnasios. Locales. Boxeo. Práctica. Enseñanza. Reglamentación.","29/11/1983",,,,"NO","https://www.rosario.gob.ar/normativa/ver/visualExterna.do?accion=verNormativa&idNormativa=39656"
"Decreto - Ordenanza",3539,1983,"Código Edilicio Particularizado. Aprobación. Sector. Aplicación. Av. Kennedy - Camino de los Granaderos - Calle Baigorria -  Av. Circunvalación 25 de Mayo.Susbsiste aplicacion Reglamento Edificación y Código Urbano.","24/11/1983",,,,"NO","https://www.rosario.gob.ar/normativa/ver/visualExterna.do?accion=verNormativa&idNormativa=34101"
"Decreto - Ordenanza",3529,1983,"Estacionamiento paralelo. Diversas arterias. Autorización.","28/10/1983",,,,"SI","http://www.rosario.gov.ar/mr/normativa/otras-normas/decreto-ordenaza-no-3529-1983"
"Decreto - Ordenanza",3515,1983,"Neumáticos. Dibujos. Profundización. Circulación. Prohibición. Sanción.","26/10/1983",,,,"NO","https://www.rosario.gob.ar/normativa/ver/visualExterna.do?accion=verNormativa&idNormativa=34566"
"Decreto - Ordenanza",3512,1983,"Estacionamiento de motos, motociclos, motonetas y bicicletas. Disposición.","19/10/1983",,,,"NO","https://www.rosario.gob.ar/normativa/ver/visualExterna.do?accion=verNormativa&idNormativa=172623"
"Decreto - Ordenanza",3498,1983,"Código de faltas. Sanciones. Venta animales. Comercios inscriptos. Requisitos.","20/09/1983",,,,"SI","https://ssl.rosario.gov.ar/mr/normativa/otras-normas/ordenanzas/ordenanza-3498-1983"
"Decreto - Ordenanza",3496,1983,"Código Urbano. Sección 5º. Pasaje. Creación. Ancho oficial. Orientación. Calle XXIII. Calle Suipacha. Tramo. Supresión. Predio afectado. Cesión gratuita a la Municipalidad.","16/09/1983",,,,"NO","https://www.rosario.gob.ar/normativa/ver/visualExterna.do?accion=verNormativa&idNormativa=34104"
"Decreto - Ordenanza",3479,1983,"Quioscos de propiedad municipal.Titularidad. Contrato de adjudicación. Carácter precario y revocable.","30/08/1983",,,,"NO","https://www.rosario.gob.ar/normativa/ver/visualExterna.do?accion=verNormativa&idNormativa=12"
"Decreto - Ordenanza",3467,1983,"Operadores cinematográficos. Electricistas de espectáculos públicos. Reglamento.","10/08/1983",,,,"NO","https://www.rosario.gob.ar/normativa/ver/visualExterna.do?accion=verNormativa&idNormativa=320"
"Decreto - Ordenanza",3463,1983,"Taxis. Conductores. Relevante o peón de taxi. Requisitos. Registro. Inscripción. Validez. Renovación. Sanciones.","04/08/1983",,,,"SI","https://ssl.rosario.gov.ar/mr/normativa/otras-normas/decretos-ordenanzas/decreto-ordenanza-3463-1983"
"Decreto - Ordenanza",3460,1983,"Fijación de precios. Actos culturales. Dirección General de Cultura. Autorización.","02/08/1983",,,,"NO","https://www.rosario.gob.ar/normativa/ver/visualExterna.do?accion=verNormativa&idNormativa=52543"
"Decreto - Ordenanza",3451,1983,"Playas de estacionamiento. Área tránsito restringido. Modalidad Mensualizada. Requisitos.","20/07/1983",,,,"NO","https://www.rosario.gob.ar/normativa/ver/visualExterna.do?accion=verNormativa&idNormativa=257"
"Decreto - Ordenanza",3447,1983,"Playas de estacionamiento. Sección catastral primera. Requisitos.","12/07/1983",,,,"NO","https://www.rosario.gob.ar/normativa/ver/visualExterna.do?accion=verNormativa&idNormativa=254"
"Decreto - Ordenanza",3436,1983,"Código Tributario. Tasa General de Inmuebles. Baldío. Adicional. Modificación.","02/06/1983",,,,"NO","https://www.rosario.gob.ar/normativa/ver/visualExterna.do?accion=verNormativa&idNormativa=37285"
"Decreto - Ordenanza",3419,1983,"Reglamento de Edificación. Sección 4º. Instalaciones Eléctricas. Ejecución. Reglamento Técnico.","08/06/1983",,,,"SI","https://ssl.rosario.gov.ar/mr/normativa/otras-normas/decretos-ordenanzas/decreto-ordenanza-3419-1983"
"Decreto - Ordenanza",3413,1983,"Pavimentación. Obras. Forma de pago.","30/05/1983",,,,"NO","https://www.rosario.gob.ar/normativa/ver/visualExterna.do?accion=verNormativa&idNormativa=37310"
"Decreto - Ordenanza",3409,1983,"Centro Cultural Bernardino Rivadavía. Percepción ingresos entradas cines y teatros. Autorización.","04/07/1996",,,,"NO","https://www.rosario.gob.ar/normativa/ver/visualExterna.do?accion=verNormativa&idNormativa=52539"
"Decreto - Ordenanza",3404,1983,"Código de Faltas. Apelaciones. Multas. Limites pecuniarios. Actualización trimestral.","30/05/1983",,,,"NO","https://www.rosario.gob.ar/normativa/ver/visualExterna.do?accion=verNormativa&idNormativa=35295"
"Decreto - Ordenanza",3396,1983,"Código Urbano.Sección.3º.Distrito R1-1.Supresión.Distritos varios.Limites.Modificación.Distrito P1-3.Creación.Limites. Sección 5º.Calle Cochabamba.Prolongación.Calle Pellegrini. Ancho Oficial.Modificación.Sección 8º.Normas Urbanas Particulares.Eliminación","16/05/1983",,,,"SI","https://ssl.rosario.gov.ar/mr/normativa/otras-normas/ordenanzas/ordenanza-3396-1983"
"Decreto - Ordenanza",3392,1983,"Ordenanza Nº 1838/65.Obras de Pavimentación.Modificación.","10/05/1983",,,,"NO","https://www.rosario.gob.ar/normativa/ver/visualExterna.do?accion=verNormativa&idNormativa=47130"
"Decreto - Ordenanza",3385,1983,"Código de Faltas. Secretario de Gobierno. Avocación.","05/05/1983",,,,"NO","https://www.rosario.gob.ar/normativa/ver/visualExterna.do?accion=verNormativa&idNormativa=35289"
"Decreto - Ordenanza",3364,1983,"Código Urbano. Sección 5º. Calle. Creación. Ancho oficial. Orientación.","08/04/1983",,,,"NO","https://www.rosario.gob.ar/normativa/ver/visualExterna.do?accion=verNormativa&idNormativa=34108"
"Decreto - Ordenanza",3361,1983,"Parque Leandro N. Alem. Calle interior. ""Paul Harris"". Designación.","29/03/1983",,,,"NO","https://www.rosario.gob.ar/normativa/ver/visualExterna.do?accion=verNormativa&idNormativa=46470"
"Decreto - Ordenanza",3318,1983,"Código Urbano. Sección 5º.  Diagramación arterial. Modificación.","14/02/1983",,,,"NO","https://www.rosario.gob.ar/normativa/ver/visualExterna.do?accion=verNormativa&idNormativa=34097"
"Decreto - Ordenanza",3313,1983,"Calle Ing. Thedy. Tramo calle Iriondo entre Calle Junin y Gorriti. Designación.","10/02/1983",,,,"NO","https://www.rosario.gob.ar/normativa/ver/visualExterna.do?accion=verNormativa&idNormativa=142254"
"Decreto - Ordenanza",3305,1983,"Pasaje Amberes. ""Eugenio Malaponte"". Nueva designación.","28/01/1983",,,,"NO","https://www.rosario.gob.ar/normativa/ver/visualExterna.do?accion=verNormativa&idNormativa=45483"
"Decreto - Ordenanza",3298,1983,"Ordenanza 2649. Artículo 42º Inc. d). Modificacion.","20/01/1983",,,,"NO","https://www.rosario.gob.ar/normativa/ver/visualExterna.do?accion=verNormativa&idNormativa=106864"
"Decreto - Ordenanza",3297,1983,"Registro de Titulares de Vehículos Automotores de Alquiler. Remises. Requisitos.","20/01/1983",,,,"NO","https://www.rosario.gob.ar/normativa/ver/visualExterna.do?accion=verNormativa&idNormativa=37376"
"Decreto - Ordenanza",3291,1983,"Servicios fúnebres. Traslado de restos o cadáveres.","17/01/1983",,,,"NO","https://www.rosario.gob.ar/normativa/ver/visualExterna.do?accion=verNormativa&idNormativa=109"
"Decreto - Ordenanza",3278,1982,"Ordenanza General Impositiva.","31/12/1982",,,,"NO","https://www.rosario.gob.ar/normativa/ver/visualExterna.do?accion=verNormativa&idNormativa=37884"
"Decreto - Ordenanza",3261,1982,"Habilitación agencias.Gestorías.Organización y/o promoción rifas, colectas, bonos.Titulares. Requisitos.","16/12/1982",,,,"NO","https://www.rosario.gob.ar/normativa/ver/visualExterna.do?accion=verNormativa&idNormativa=10"
"Decreto - Ordenanza",3260,1982,"Ordenanza 2818. Modificación. Contenedores.","15/12/1982",,,,"NO","https://www.rosario.gob.ar/normativa/ver/visualExterna.do?accion=verNormativa&idNormativa=32954"
"Decreto - Ordenanza",3258,1982,"Locales de diversión nocturnos. Ampliación de rubro. Solicitudes. Condiciones.","15/12/1982",,,,"NO","https://www.rosario.gob.ar/normativa/ver/visualExterna.do?accion=verNormativa&idNormativa=71"
"Decreto - Ordenanza",3248,1982,"Calle Camino de los Granaderos. Ancho. Tramo. Determinación. Calle Boedo. Tramo. Prolongación.","07/12/1982",,,,"NO","https://www.rosario.gob.ar/normativa/ver/visualExterna.do?accion=verNormativa&idNormativa=179927"
"Decreto - Ordenanza",3237,1982,"Ordenanza Nº 2848. Derogación.","25/11/2018",,,,"NO","https://www.rosario.gob.ar/normativa/ver/visualExterna.do?accion=verNormativa&idNormativa=138501"
"Decreto - Ordenanza",3231,1982,"Código Urbano. Sección 5º. Trazado vial. Calles varias. Prolongación. Ancho oficial.","18/11/1982",,,,"NO","https://www.rosario.gob.ar/normativa/ver/visualExterna.do?accion=verNormativa&idNormativa=34149"
"Decreto - Ordenanza",3223,1982,"Cuenta Especial. Descripción.","09/11/1982",,,,"NO","https://www.rosario.gob.ar/normativa/ver/visualExterna.do?accion=verNormativa&idNormativa=52541"
"Decreto - Ordenanza",3219,1982,"Código Urbano. Sección 3º. Distrito H2-6. Futuro Parque Hipólito Yrigoyen. Inmuebles de propiedad privada. Régimen de transición. Sección 5º. Calles. Laprida. 1º de Mayo. Trazado oficial. Tramos.","03/11/1982",,,,"SI","https://ssl.rosario.gov.ar/mr/normativa/otras-normas/decretos-ordenanzas/decreto-ordenanza-3219-1982"
"Decreto - Ordenanza",3182,1982,"Código Urbano. Sección 5º. Pasaje José Martí. Creación.","13/09/1982",,,,"SI","https://ssl.rosario.gov.ar/mr/normativa/otras-normas/decretos-ordenanzas/decreto-ordenanza-3182-1982"
"Decreto - Ordenanza",3181,1982,"Cruce ferrovial público. Línea de edificación norte calle San Juan- Mendoza. Tramos. Modificación.","29/06/1982",,,,"NO","https://www.rosario.gob.ar/normativa/ver/visualExterna.do?accion=verNormativa&idNormativa=204412"
"Decreto - Ordenanza",3168,1982,"Servicios Públicos. Conexiones domiciliarias.","06/08/1982",,,,"NO","https://www.rosario.gob.ar/normativa/ver/visualExterna.do?accion=verNormativa&idNormativa=32962"
"Decreto - Ordenanza",3155,1982,"Código Urbano. Sección 5º. Trazado vial. Sector. Calle Humberto 1º. Calle Liniers. Calle Tte. Agneta. Prolongación. Ancho oficial.","20/07/1982",,,,"NO","https://www.rosario.gob.ar/normativa/ver/visualExterna.do?accion=verNormativa&idNormativa=34146"
"Decreto - Ordenanza",3142,1982,"PresentaciónDocumentación Dirección Provincial de Educación Superior, Media y Técnica Provincia de Santa Fe. Reconocimiento Ministerio de Educación y Cultura de Provincia. Título profesor de Enseñanza de Música Escuela Municipal de Música. Disposición.","30/06/1982",,,,"NO","https://www.rosario.gob.ar/normativa/ver/visualExterna.do?accion=verNormativa&idNormativa=123039"
"Decreto - Ordenanza",3129,1982,"Ordenanza Nº 1838. Obras de Pavimentación. Modificación.","28/05/1982",,,,"NO","https://www.rosario.gob.ar/normativa/ver/visualExterna.do?accion=verNormativa&idNormativa=44887"
"Decreto - Ordenanza",3127,1982,"Código Urbano. Sección 5º. Calle Boedo. Esquivel. Ancho oficial. Ancho variable. Modificación. Calle Boedo. Línea municipal. Secciones.","26/05/1982",,,,"NO","https://www.rosario.gob.ar/normativa/ver/visualExterna.do?accion=verNormativa&idNormativa=34098"
"Decreto - Ordenanza",3120,1982,"Playas de Estacionamiento Municipales. Régimen de funcionamiento. Competencia. Tarifas y recaudación. Personal. Registración de ingresos. Distribución de fondos.","10/05/1982",,,,"SI","https://ssl.rosario.gov.ar/mr/normativa/otras-normas/ordenanzas/ordenanza-3120-1982"
"Decreto - Ordenanza",3111,1982,"Normas Urbanísticas Particulares. Acceso Ribereño Norte. Arroyo Ludueña hasta Av. Puccio. Aprobación.","03/05/1982",,,,"NO","https://www.rosario.gob.ar/normativa/ver/visualExterna.do?accion=verNormativa&idNormativa=124717"
"Decreto - Ordenanza",3102,1982,"Código de Faltas. Del  Juicio. Citación y emplazamiento. Juicio público y procedimiento oral. Razones de moralidad y orden público.","23/04/1982",,,,"NO","https://www.rosario.gob.ar/normativa/ver/visualExterna.do?accion=verNormativa&idNormativa=32661"
"Decreto - Ordenanza",3082,1982,"Cesión a Perpetuidad. Gobierno de la Provincia de Santa Fe. Terreno aledaño Museo ""Dr. Julio Marc"". Ampliación de obras.","01/04/1982",,,,"NO","https://www.rosario.gob.ar/normativa/ver/visualExterna.do?accion=verNormativa&idNormativa=122714"
"Decreto - Ordenanza",3075,1982,"Código Urbano. Sección 5º. Trazado de calles. Modificación.","24/03/1982",,,,"NO","https://www.rosario.gob.ar/normativa/ver/visualExterna.do?accion=verNormativa&idNormativa=34110"
"Decreto - Ordenanza",3071,1982,"""Derecho por Cremación"". Cadáveres sepultados en el panteón municipal Instituto de Previsión Social de Rosario ""Seguro y Subsidio Mutual"" por diez años. Eximición.","18/03/1982",,,,"NO","https://www.rosario.gob.ar/normativa/ver/visualExterna.do?accion=verNormativa&idNormativa=195153"
"Decreto - Ordenanza",3051,1982,"Código Urbano. Sección 5º. Trazado Oficial. Modificación. Tramo: Bv. Wilde - Bv. Wilde. Distrito F 3-16 F 2-10. Ampliación. Distrito I 1-8. Reducción. Ord. de Urbanizaciones. Zona I. Incorporación.","05/02/1982",,,,"NO","https://www.rosario.gob.ar/normativa/ver/visualExterna.do?accion=verNormativa&idNormativa=34493"
"Decreto - Ordenanza",3021,1981,"Código Urbano. Sección 3º. Distritos: C1-9, B2-1, D2-25, C1-9, E1-22, D1-26, E1-23 y D1-27. Modificación.","31/12/1981",,,,"NO","https://www.rosario.gob.ar/normativa/ver/visualExterna.do?accion=verNormativa&idNormativa=34152"
"Decreto - Ordenanza",3015,1981,"Locales de venta de automotores. Reglamentación.","30/12/1981",,,,"NO","https://www.rosario.gob.ar/normativa/ver/visualExterna.do?accion=verNormativa&idNormativa=202"
"Decreto - Ordenanza",3010,1981,"Código Urbano. Sección 5º. Trazado vial. Calles. Pasaje Chuquisaca. Garibaldi. Aldana. Prolongación. Reino de Marruecos. Ancho Oficial. Modificación. Pasaje. Creación.","24/12/1981",,,,"NO","https://www.rosario.gob.ar/normativa/ver/visualExterna.do?accion=verNormativa&idNormativa=34148"
"Decreto - Ordenanza",3005,1981,"Terrenos. Edificados. Baldíos. Frente a calle pública. Estado higiénico. Mantenimiento. Obligaciones. Penalidades.","18/12/1981",,,,"NO","https://www.rosario.gob.ar/normativa/ver/visualExterna.do?accion=verNormativa&idNormativa=33183"
"Decreto - Ordenanza",3004,1981,"Uso de Parque Urbano. Tierras Municipales sectores aledaños cruce Av. Circunvalación y Arroyo Ludueña. Disposición.","18/12/1981",,,,"NO","https://www.rosario.gob.ar/normativa/ver/visualExterna.do?accion=verNormativa&idNormativa=113692"
"Decreto - Ordenanza",2999,1981,"Ordenanza 2649. Artículo 20º. Modificación.","14/12/1981",,,,"NO","https://www.rosario.gob.ar/normativa/ver/visualExterna.do?accion=verNormativa&idNormativa=106863"
"Decreto - Ordenanza",2964,1981,"Utilidad Pública. Biblioteca Argentina Dr. Juan Álvarez. Declaración.","16/11/1981",,,,"NO","https://www.rosario.gob.ar/normativa/ver/visualExterna.do?accion=verNormativa&idNormativa=94344"
"Decreto - Ordenanza",2949,1981,"""Seguro y Subsidio Municipal- ""Fondo especial aporte 30%"". Instituto Municipal de previsión Social. Transferencia.","15/10/1981",,,,"NO","https://www.rosario.gob.ar/normativa/ver/visualExterna.do?accion=verNormativa&idNormativa=96993"
"Decreto - Ordenanza",2937,1981,"Avenida Costanera ""Carlos Gervasio Colombres"". Tramo Av. Granel - Av. Puccio. Nueva designación.","24/09/1981",,,,"NO","https://www.rosario.gob.ar/normativa/ver/visualExterna.do?accion=verNormativa&idNormativa=45482"
"Decreto - Ordenanza",2921,1981,"Salones de Entretenimiento. Acceso de menores. Prohibición","27/08/1981",,,,"NO","https://www.rosario.gob.ar/normativa/ver/visualExterna.do?accion=verNormativa&idNormativa=363"
"Decreto - Ordenanza",2904,1981,"Establecimientos Industriales. Potencias. Planos. Presentación.","31/07/1981",,,,"NO","https://www.rosario.gob.ar/normativa/ver/visualExterna.do?accion=verNormativa&idNormativa=362"
"Decreto - Ordenanza",2895,1981,"Oficina de Notificaciones de la Municipalidad de Rosario. Creación. Funciones.","22/07/1981",,,,"NO","https://www.rosario.gob.ar/normativa/ver/visualExterna.do?accion=verNormativa&idNormativa=33168"
"Decreto - Ordenanza",2877,1981,"Edificios  zona ""microcentro"". No obligatoriedad Garages -Parques.","29/06/1981",,,,"NO","https://www.rosario.gob.ar/normativa/ver/visualExterna.do?accion=verNormativa&idNormativa=262"
"Decreto - Ordenanza",2853,1981,"Sentido circulatorio. Diversas calles. Determinación.","07/05/1981",,,,"SI","https://ssl.rosario.gov.ar/mr/normativa/otras-normas/ordenanzas/ordenanza-2853-1981"
"Decreto - Ordenanza",2847,1981,"Transferencia en carácter de donación. Terreno empadronado Sección 2ª, Manzana 47, Gráfico 2. Universidad Nacional de Rosario. Construcción Centro Universitario Rosario.","14/04/2018",,,,"NO","https://www.rosario.gob.ar/normativa/ver/visualExterna.do?accion=verNormativa&idNormativa=138503"
"Decreto - Ordenanza",2841,1981,"Pliego de Condiciones Generales, Especificaciones Técnicas y General de Planos tipo actualizado. Contratación de obras públicas. Aprobación.","13/04/1981",,,,"NO","https://www.rosario.gob.ar/normativa/ver/visualExterna.do?accion=verNormativa&idNormativa=123430"
"Decreto - Ordenanza",2838,1981,"Código Urbano. Sección 4º. Permiso de edificación. Permiso de regularización de obras. Urbanizaciones. Régimen de propiedad horizontal. Planos de divisiones. Manzanas. Requisitos especiales. Otorgamiento.","07/04/1981",,,,"NO","https://www.rosario.gob.ar/normativa/ver/visualExterna.do?accion=verNormativa&idNormativa=34435"
"Decreto - Ordenanza",2837,1981,"Parque Italia. Creación.","06/04/1981",,,,"NO","https://www.rosario.gob.ar/normativa/ver/visualExterna.do?accion=verNormativa&idNormativa=92547"
"Decreto - Ordenanza",2836,1981,"Presentación ante la Municipalidad de planteos o debates jurídicos. Asistencia letrada obligatoria. Disposición.","06/04/1981",,,,"NO","https://www.rosario.gob.ar/normativa/ver/visualExterna.do?accion=verNormativa&idNormativa=138497"
"Decreto - Ordenanza",2833,1981,"Términos. Plazos. Cómputo.","03/04/1981",,,,"NO","https://www.rosario.gob.ar/normativa/ver/visualExterna.do?accion=verNormativa&idNormativa=33169"
"Decreto - Ordenanza",2831,1981,"Playas de estacionamiento. Superficies mínimas.","02/04/1981",,,,"NO","https://www.rosario.gob.ar/normativa/ver/visualExterna.do?accion=verNormativa&idNormativa=263"
"Decreto - Ordenanza",2828,1981,"Estacionamiento reservado de vehículos. Calles Moreno desde Av. Pellegrini hasta Montevideo - Montevideo desde Alvear hasta Bv. Oroño. Autorización.","21/03/1981",,,,"NO","https://www.rosario.gob.ar/normativa/ver/visualExterna.do?accion=verNormativa&idNormativa=51917"
"Decreto - Ordenanza",2821,1981,"Código Urbano. Sección 5º. Trazado vial. Calles. Nicaragua. Brasil. Méjico. Guatemala. Pje. Volta. Prolongación.
Viamonte. Supresión.","25/03/1981",,,,"NO","https://www.rosario.gob.ar/normativa/ver/visualExterna.do?accion=verNormativa&idNormativa=34151"
"Decreto - Ordenanza",2818,1981,"Contenedores. (Volquetes). Reglamentación.","17/03/1981",,,,"SI","https://ssl.rosario.gov.ar/mr/normativa/otras-normas/ordenanzas/ordenanza-2818-1981"
"Decreto - Ordenanza",2815,1981,"Estaciones de servicio. Rubros comprendidos.  Hielo. Carbón envasado. Bebidas envasadas. Artículos de quioscos. Exclusión. Productos inflamables.","13/03/1981",,,,"NO","https://www.rosario.gob.ar/normativa/ver/visualExterna.do?accion=verNormativa&idNormativa=224"
"Decreto - Ordenanza",2810,1981,"Albergue por horas.","04/03/1981",,,,"NO","https://www.rosario.gob.ar/normativa/ver/visualExterna.do?accion=verNormativa&idNormativa=60"
"Decreto - Ordenanza",2804,1981,"Playas de estacionamiento. Prorroga plazo adecuación Ord. 2769","26/02/1981",,,,"NO","https://www.rosario.gob.ar/normativa/ver/visualExterna.do?accion=verNormativa&idNormativa=268"
"Decreto - Ordenanza",2802,1981,"Código de Tránsito.","20/02/1981",,,,"NO","https://www.rosario.gob.ar/normativa/ver/visualExterna.do?accion=verNormativa&idNormativa=118"
"Decreto - Ordenanza",2794,1981,"Individualización de vehículos y libre estacionamiento para discapacitados.","13/02/1981",,,,"NO","https://www.rosario.gob.ar/normativa/ver/visualExterna.do?accion=verNormativa&idNormativa=70932"
"Decreto - Ordenanza",2783,1981,"Código de Faltas. Aprobación.","30/01/1981",,,,"SI","http://www.rosario.gov.ar/mr/normativa/codigo-de-faltas/ordenanza-2783-codigo-de-faltas"
"Decreto - Ordenanza",2780,1981,"Predios municipales. Nómina. Enajenables. Declaración.","28/01/1981",,,,"NO","https://www.rosario.gob.ar/normativa/ver/visualExterna.do?accion=verNormativa&idNormativa=123426"
"Decreto - Ordenanza",2769,1981,"Playas de estacionamiento. Reglamentación.","05/01/1981",,,,"SI","https://ssl.rosario.gov.ar/mr/normativa/otras-normas/ordenanzas/ordenanza-2769-1981"
"Decreto - Ordenanza",2740,1980,"Servicio Público de la Vivienda. Capacidad. Funciones. Atribuciones. Capital y recursos. Constitución. Administración. Integrantes. Disposiciones especiales.","27/11/1980",,,,"NO","https://www.rosario.gob.ar/normativa/ver/visualExterna.do?accion=verNormativa&idNormativa=38072"
"Decreto - Ordenanza",2738,1980,"Clausuras. Facultad del Intendente Municipal. Delegación.","26/11/1980",,,,"NO","https://www.rosario.gob.ar/normativa/ver/visualExterna.do?accion=verNormativa&idNormativa=66"
"Decreto - Ordenanza",2711,1980,"Código Urbano. Sección 6º.  Parques y paseos públicos. Prototipos comerciales (Quioscos). Prohibición.","27/10/1980",,,,"NO","https://www.rosario.gob.ar/normativa/ver/visualExterna.do?accion=verNormativa&idNormativa=34515"
"Decreto - Ordenanza",2707,1980,"Donación. Asociación Vecinal Bº '""Dr. Carlors Pellegrini"". Busto Sargento Juan Bautista Cabral. Aceptación.","27/10/1980",,,,"NO","https://www.rosario.gob.ar/normativa/ver/visualExterna.do?accion=verNormativa&idNormativa=114252"
"Decreto - Ordenanza",2692,1980,"Cementerios Municipales. Quioscos. Venta de flores. Reglamentación.","03/10/1980",,,,"NO","https://www.rosario.gob.ar/normativa/ver/visualExterna.do?accion=verNormativa&idNormativa=60154"
"Decreto - Ordenanza",2689,1980,"Ordenanza Nº 1732. Modificación.","01/10/1980",,,,"NO","https://www.rosario.gob.ar/normativa/ver/visualExterna.do?accion=verNormativa&idNormativa=180103"
"Decreto - Ordenanza",2676,1980,"Espectáculos públicos. Colocación de vallas.","11/09/1980",,,,"NO","https://www.rosario.gob.ar/normativa/ver/visualExterna.do?accion=verNormativa&idNormativa=144"
"Decreto - Ordenanza",2659,1980,"Certificado libre inhibición. Local de venta de automotores.","11/08/1980",,,,"NO","https://www.rosario.gob.ar/normativa/ver/visualExterna.do?accion=verNormativa&idNormativa=207"
"Decreto - Ordenanza",2650,1980,"Actos licitatorios. Observaciones. Reglamentación.","25/07/1980",,,,"NO","https://www.rosario.gob.ar/normativa/ver/visualExterna.do?accion=verNormativa&idNormativa=109318"
"Decreto - Ordenanza",2649,1980,"Taxis. Régimen General del Servicio. Funcionamiento. Control.","24/07/1980",,,,"SI","https://www.rosario.gob.ar/mr/normativa/otras-normas/decretos-ordenanzas/decreto-ordenanza-2649-1980-1"
"Decreto - Ordenanza",2645,1980,"Código Urbano. Sección 5º. Distrito G2-7. Creación. Sección catastral 14a. Trazado vial.","23/07/1980",,,,"NO","https://www.rosario.gob.ar/normativa/ver/visualExterna.do?accion=verNormativa&idNormativa=34182"
"Decreto - Ordenanza",2643,1980,"Donación inmueble calle Av. Pellegrini y Vera Mújica. Aprobación.","21/07/1980",,,,"NO","https://www.rosario.gob.ar/normativa/ver/visualExterna.do?accion=verNormativa&idNormativa=123435"
"Decreto - Ordenanza",2640,1980,"Registros Municipales de Proveedores y Licitadores de Obras Públicas. Creación. Inscripción. Requisitos. Trámites. Solicitud. Rechazo. Recursos. Sanciones. Prescripción. Comunicaciones. Eliminación del Registro.","16/07/1980",,,,"NO","https://www.rosario.gob.ar/normativa/ver/visualExterna.do?accion=verNormativa&idNormativa=40771"
"Decreto - Ordenanza",2638,1980,"Código Urbano. Sección 5º. Calle Baigorria. Ancho Oficial. Nuevo. Expropiación. Superficie.","16/07/1980",,,,"SI","https://ssl.rosario.gov.ar/mr/normativa/otras-normas/decretos-ordenanzas/decreto-ordenanza-2638-1980"
"Decreto - Ordenanza",2621,1980,"Obligatoriedad de transformar puestos fijos en puestos móviles. Venta de frutas y hortalizas en macro-centro. Automotores tipo rastrojero"" con caja portanto cubierta. Disçposición.","17/06/1980",,,,"NO","https://www.rosario.gob.ar/normativa/ver/visualExterna.do?accion=verNormativa&idNormativa=180686"
"Decreto - Ordenanza",2596,1980,"Microcentro. Prohibición circulación de vehículos. Arterias. Excepciones. Taxis. Autorizaciones. Prohibiciones.","08/05/1980",,,,"SI","https://ssl.rosario.gov.ar/mr/normativa/otras-normas/decretos-ordenanzas/decreto-ordenanza-2596-1980"
"Decreto - Ordenanza",2587,1980,"Puestos fijos de venta de frutas y hortalizas. Radio Av. Pellegrini, Av. Ovidio Lagos y el Rio. Remmplazo por puestos móviles. Disposición.","23/04/1980",,,,"NO","https://www.rosario.gob.ar/normativa/ver/visualExterna.do?accion=verNormativa&idNormativa=180680"
"Decreto - Ordenanza",2585,1980,"Vía pública. Vehículo con autoparlante. Prohibición.","21/04/1980",,,,"NO","https://www.rosario.gob.ar/normativa/ver/visualExterna.do?accion=verNormativa&idNormativa=301"
"Decreto - Ordenanza",2576,1980,"Código de publicidad . Prohibiciones.","16/04/1980",,,,"NO","https://www.rosario.gob.ar/normativa/ver/visualExterna.do?accion=verNormativa&idNormativa=90"
"Decreto - Ordenanza",2572,1980,"Dirección General de Presupuesto. Creación. EStructura organizativa. Funciones.","31/03/1980",,,,"NO","https://www.rosario.gob.ar/normativa/ver/visualExterna.do?accion=verNormativa&idNormativa=37227"
"Decreto - Ordenanza",2545,1980,"Código Urbano. Extensiones de redes de agua corriente y cloacales. Reglamentación.","12/02/1980",,,,"NO","https://www.rosario.gob.ar/normativa/ver/visualExterna.do?accion=verNormativa&idNormativa=34183"
"Decreto - Ordenanza",2518,1980,"Avenida Acceso Sur a Puerto. ""Teniente General Juan Carlos Alvarez"". Nueva designación.","04/01/1980",,,,"NO","https://www.rosario.gob.ar/normativa/ver/visualExterna.do?accion=verNormativa&idNormativa=45481"
"Decreto - Ordenanza",1314,1980,"Decreto Ordenanza Nº 7871/77. Modificación.","09/06/1980",,,,"NO","https://www.rosario.gob.ar/normativa/ver/visualExterna.do?accion=verNormativa&idNormativa=235795"
"Decreto - Ordenanza",2506,1979,"Cocheras. Playas de estacionamiento.","19/11/1979",,,,"NO","https://www.rosario.gob.ar/normativa/ver/visualExterna.do?accion=verNormativa&idNormativa=190"
"Decreto - Ordenanza",2499,1979,"Proyecto de Estatuto para el personal de la Administración Municipal. Aprobación.","13/12/1979",,,,"NO","https://www.rosario.gob.ar/normativa/ver/visualExterna.do?accion=verNormativa&idNormativa=113872"
"Decreto - Ordenanza",2493,1979,"Locales de venta de automotores. Reglamentación","06/12/1979",,,,"SI","https://ssl.rosario.gov.ar/mr/normativa/otras-normas/ordenanzas/ordenanza-2493-1979"
"Decreto - Ordenanza",2475,1979,"Hospedajes.Pensiones.Habilitación. Requisitos.","14/11/1979",,,,"NO","https://www.rosario.gob.ar/normativa/ver/visualExterna.do?accion=verNormativa&idNormativa=269"
"Decreto - Ordenanza",2474,1979,"Ordenanza de Contabilidad. Modificación.","14/11/1979",,,,"NO","https://www.rosario.gob.ar/normativa/ver/visualExterna.do?accion=verNormativa&idNormativa=40651"
"Decreto - Ordenanza",2437,1979,"Actividad comercial callejera. Permisos. Prohibición.","21/09/1979",,,,"NO","https://www.rosario.gob.ar/normativa/ver/visualExterna.do?accion=verNormativa&idNormativa=32984"
"Decreto - Ordenanza",2426,1979,"Código Urbano. Sección 5º. Mina Clavero. Tramo  Los Cocos -al este- y Av. Circunvalación -al oeste-. Nuevo ancho.","14/09/1979",,,,"NO","https://www.rosario.gob.ar/normativa/ver/visualExterna.do?accion=verNormativa&idNormativa=34102"
"Decreto - Ordenanza",2420,1979,"Letreros. Publicidad comercial. Colocación. Reparación. Service. Personas. Organizaciones.Registro. Inscripción. Requisitos. Responsabilidad. Sanciones.","07/09/1979",,,,"NO","https://www.rosario.gob.ar/normativa/ver/visualExterna.do?accion=verNormativa&idNormativa=32667"
"Decreto - Ordenanza",2403,1979,"Certificado médico. Actividades deportivas. Otorgamiento. Obligatoriedad. Contralor. Piletas de natación. Consultorio. Instalación. Obligatoriedad.","22/08/1979",,,,"NO","https://www.rosario.gob.ar/normativa/ver/visualExterna.do?accion=verNormativa&idNormativa=39584"
"Decreto - Ordenanza",2378,1979,"Día de la Virgen del Rosario. Día no laborable. Declaración.","04/07/1979",,,,"NO","https://www.rosario.gob.ar/normativa/ver/visualExterna.do?accion=verNormativa&idNormativa=359"
"Decreto - Ordenanza",2374,1979,"Bares. Confiterías. Confiterías bailables. Locales afín. Permanencia de ""alternadoras"". Sanciones.","29/06/1979",,,,"NO","https://www.rosario.gob.ar/normativa/ver/visualExterna.do?accion=verNormativa&idNormativa=322"
"Decreto - Ordenanza",2364,1979,"Utilización de máquinas detalladas en Ordenanza N° 2335/79. Salones de Entretenimientos. Prohibición.","18/06/1979",,,,"NO","https://www.rosario.gob.ar/normativa/ver/visualExterna.do?accion=verNormativa&idNormativa=358"
"Decreto - Ordenanza",2353,1979,"Gas licuado de petróleo en garrafas. Plantas de envasamiento. Fraccionamiento. Depósitos. Vehículos de transporte. Locales de venta. Clasificación. Emplazamiento.","24/05/1979",,,,"NO","https://www.rosario.gob.ar/normativa/ver/visualExterna.do?accion=verNormativa&idNormativa=223"
"Decreto - Ordenanza",2350,1979,"Pavimentación. Repavimentación. Desagües. Complementarias.  Casos sociales. Semisociales. (Dec.-Ord. Nº 2068/74). Obras. Pago. Régimen de actualización.  Beneficio. Otorgamiento.","23/05/1979",,,,"NO","https://www.rosario.gob.ar/normativa/ver/visualExterna.do?accion=verNormativa&idNormativa=37260"
"Decreto - Ordenanza",2343,1979,"Salones de entretenimiento. Exclusión de Salones de Categoría ""A"" del Decreto 114/1979.","11/05/1979",,,,"NO","https://www.rosario.gob.ar/normativa/ver/visualExterna.do?accion=verNormativa&idNormativa=357"
"Decreto - Ordenanza",2335,1979,"Salones de Entretenimiento. Definición. Clasificación. Habilitación. Requisitos. Inspección. Régimen de personal. Condiciones físicas de los locales. Horario. Acceso de menores. Funcionamiento. Garantía. Penalidades","26/04/1979",,,,"SI","https://ssl.rosario.gov.ar/mr/normativa/otras-normas/ordenanzas/ordenanza-2335-1979"
"Decreto - Ordenanza",2297,1979,"Tasa General de Inmuebles. Terrenos baldíos. Sobretasa. Uso público. Transformación. Afectación. Exención.","14/02/1979",,,,"NO","https://www.rosario.gob.ar/normativa/ver/visualExterna.do?accion=verNormativa&idNormativa=37257"
"Decreto - Ordenanza",9476,1978,"Código Tributario Municipal. Aprobación.","23/11/1978",,,,"SI","http://www.rosario.gov.ar/mr/normativa/codigo-tributario/decreto-ordenanza-9476-1978"
"Decreto - Ordenanza",8594,1978,"Tasa General de Inmuebles. Sobre Tasa a Terrenos Baldíos. Exención. Duración. Propietarios. Terrenos baldíos. Transformación. Cesión gratuita. Invitación.","20/09/1978",,,,"NO","https://www.rosario.gob.ar/normativa/ver/visualExterna.do?accion=verNormativa&idNormativa=38649"
"Decreto - Ordenanza",8422,1978,"Contribución de mejoras. Caducidad. Transferencia de dominio. Constitución derechos reales.","13/09/1978",,,,"NO","https://www.rosario.gob.ar/normativa/ver/visualExterna.do?accion=verNormativa&idNormativa=36702"
"Decreto - Ordenanza",8408,1978,"Avenida Carlos Casado del Alisal. Designación. Intersecciones.","11/09/1978",,,,"NO","https://www.rosario.gob.ar/normativa/ver/visualExterna.do?accion=verNormativa&idNormativa=45756"
"Decreto - Ordenanza",7990,1978,"Ordenanza 1838/65. Obras de pavimentación. Modificación.","03/08/1978",,,,"NO","https://www.rosario.gob.ar/normativa/ver/visualExterna.do?accion=verNormativa&idNormativa=47131"
"Decreto - Ordenanza",7871,1978,"Gas licuado de petróleo en garrafas. Plantas de envasamiento. Fraccionamiento. Depósitos. Vehículos de transporte. Locales de venta. Regalmentación.","24/07/1978",,,,"SI","https://ssl.rosario.gov.ar/mr/normativa/otras-normas/decretos-ordenanzas/decreto-ordenanza-7871-1978"
"Decreto - Ordenanza",7829,1978,"Automotores en la vía pública. Promoción. Venta. Prohibición.","20/07/1978",,,,"NO","https://www.rosario.gob.ar/normativa/ver/visualExterna.do?accion=verNormativa&idNormativa=34023"
"Decreto - Ordenanza",7353,1978,"Secretaría de Planeamiento de la Intendencia Municipal. Creación.","01/06/1978",,,,"NO","https://www.rosario.gob.ar/normativa/ver/visualExterna.do?accion=verNormativa&idNormativa=233691"
"Decreto - Ordenanza",6836,1978,"Servicios Fúnebres. Multas.","18/04/1978",,,,"NO","https://www.rosario.gob.ar/normativa/ver/visualExterna.do?accion=verNormativa&idNormativa=289"
"Decreto - Ordenanza",6537,1978,"Código Urbano. Sección 5º. Calle Dean Funes. Tramo. Larrea - Pedro Lino Funes. Ancho oficial. Modificación. Pasaje Morse - Samuel. Tramo. Deslinde parcelario sur - Lejarza. Ancho oficial. Modificación.","21/03/1978",,,,"NO","https://www.rosario.gob.ar/normativa/ver/visualExterna.do?accion=verNormativa&idNormativa=34557"
"Decreto - Ordenanza",6311,1978,"Decreto-Ordenanza N° 2319/76. Modificación.","23/02/1978",,,,"NO","https://www.rosario.gob.ar/normativa/ver/visualExterna.do?accion=verNormativa&idNormativa=259279"
"Decreto - Ordenanza",6121,1978,"Código de Publicidad. Afiche. Fijación. Cartelera. Distancia mínima.","03/02/1978",,,,"NO","https://www.rosario.gob.ar/normativa/ver/visualExterna.do?accion=verNormativa&idNormativa=33130"
"Decreto - Ordenanza",2272,1978,"Ordenanza de  Contabilidad. Modificaciones.","27/12/1978",,,,"NO","https://www.rosario.gob.ar/normativa/ver/visualExterna.do?accion=verNormativa&idNormativa=39191"
"Decreto - Ordenanza",5726,1977,"Código de Publicidad.  Modificación.","26/12/1977",,,,"NO","https://www.rosario.gob.ar/normativa/ver/visualExterna.do?accion=verNormativa&idNormativa=33131"
"Decreto - Ordenanza",5610,1977,"Reglamentación para calle ""San Martín Peatonal"". Usos permitidos. Usos prohibidos. Elementos físicos a colocarse. Régimen de tránsito.Limpieza y conservación. Publicidad","12/12/1977",,,,"SI","https://ssl.rosario.gov.ar/mr/normativa/otras-normas/decretos-ordenanzas/decreto-ordenanza-5610-1977"
"Decreto - Ordenanza",5464,1977,"Código Urbano. Sección 5º. Área Peatonal. Calle Córdoba. Tramo. Corrientes - Buenos Aires. Calles. Entre Ríos. Mitre. Sarmiento. Tramos. Rioja - Santa Fe. San Martín. Tramo. San Juan - Santa Fe. Inmuebles. Frentistas. No frentistas. Régimen de usos.","24/11/1977",,,,"NO","https://www.rosario.gob.ar/normativa/ver/visualExterna.do?accion=verNormativa&idNormativa=34433"
"Decreto - Ordenanza",5398,1977,"Código Urbano. Sección 5º. Zona. Vías del F.C.G.B. Mitre. Trazado vial. Aprobación. Calle. Pasaje. Creación. Calles. Mar del Plata. Florida. Humberto 1º. Díaz Velez. Iguazú. Nueva York. Prolongación. Ancho oficial.","18/11/1977",,,,"NO","https://www.rosario.gob.ar/normativa/ver/visualExterna.do?accion=verNormativa&idNormativa=34432"
"Decreto - Ordenanza",5029,1977,"Avenida Acindar. ""Ingeniero Artruro Acevedo"". Nueva designación.","13/10/1977",,,,"NO","https://www.rosario.gob.ar/normativa/ver/visualExterna.do?accion=verNormativa&idNormativa=45755"
"Decreto - Ordenanza",4780,1977,"Código de Publicidad. Elementos publicitarios. Adecuación","26/09/1977",,,,"NO","https://www.rosario.gob.ar/normativa/ver/visualExterna.do?accion=verNormativa&idNormativa=33132"
"Decreto - Ordenanza",4760,1977,"Pasajes. Calles. Designación.","16/09/1977",,,,"NO","https://www.rosario.gob.ar/normativa/ver/visualExterna.do?accion=verNormativa&idNormativa=47671"
"Decreto - Ordenanza",4676,1977,"Calles. Designación.","16/09/1977",,,,"NO","https://www.rosario.gob.ar/normativa/ver/visualExterna.do?accion=verNormativa&idNormativa=48005"
"Decreto - Ordenanza",4675,1977,"Calles. Pasajes. Designación.","16/09/1977",,,,"NO","https://www.rosario.gob.ar/normativa/ver/visualExterna.do?accion=verNormativa&idNormativa=48800"
"Decreto - Ordenanza",4674,1977,"Calles. Designación.","16/09/1977",,,,"NO","https://www.rosario.gob.ar/normativa/ver/visualExterna.do?accion=verNormativa&idNormativa=48004"
"Decreto - Ordenanza",4673,1977,"Calles. Designación.","16/09/1977",,,,"NO","https://www.rosario.gob.ar/normativa/ver/visualExterna.do?accion=verNormativa&idNormativa=48003"
"Decreto - Ordenanza",4672,1977,"Barrio 1º de Mayo. Calles. Designación.","16/09/1977",,,,"NO","https://www.rosario.gob.ar/normativa/ver/visualExterna.do?accion=verNormativa&idNormativa=48002"
"Decreto - Ordenanza",4671,1977,"Calles. Designación.","16/09/1977",,,,"NO","https://www.rosario.gob.ar/normativa/ver/visualExterna.do?accion=verNormativa&idNormativa=47673"
"Decreto - Ordenanza",4670,1977,"Pasajes. Calles. Designación. Nueva denominación.","16/09/1977",,,,"NO","https://www.rosario.gob.ar/normativa/ver/visualExterna.do?accion=verNormativa&idNormativa=49314"
"Decreto - Ordenanza",4669,1977,"Pasajes. Calles. Designación.","16/09/1977",,,,"NO","https://www.rosario.gob.ar/normativa/ver/visualExterna.do?accion=verNormativa&idNormativa=47643"
"Decreto - Ordenanza",4668,1977,"Código Urbano. Pasajes. Algarrobo. Ambrosio de Acosta. Andalgala. Apostoles. Arribeños. Cedron. Designación.","16/09/1977",,,,"NO","https://www.rosario.gob.ar/normativa/ver/visualExterna.do?accion=verNormativa&idNormativa=38220"
"Decreto - Ordenanza",4667,1977,"Pasaje ""Antonio Urraco"". Designación.","16/09/1977",,,,"NO","https://www.rosario.gob.ar/normativa/ver/visualExterna.do?accion=verNormativa&idNormativa=47630"
"Decreto - Ordenanza",4664,1977,"Pasajes. Cerro Catedral. Aregua. Ancuña. Chañar. Brazo Largo. Monte Flores. Designación.","16/09/1977",,,,"NO","https://www.rosario.gob.ar/normativa/ver/visualExterna.do?accion=verNormativa&idNormativa=47625"
"Decreto - Ordenanza",4660,1977,"Centro Cultural ""Bernardino Rivadavia"". Designación.","16/09/1977",,,,"NO","https://www.rosario.gob.ar/normativa/ver/visualExterna.do?accion=verNormativa&idNormativa=82346"
"Decreto - Ordenanza",4424,1977,"Residuos. Domiciliarios. Comerciales. Recolección por particulares. Prohibición.","29/08/1977",,,,"NO","https://www.rosario.gob.ar/normativa/ver/visualExterna.do?accion=verNormativa&idNormativa=32977"
"Decreto - Ordenanza",4257,1977,"Parques y Paseos. Quioscos unitarios. Prohibición.","15/08/1977",,,,"NO","https://www.rosario.gob.ar/normativa/ver/visualExterna.do?accion=verNormativa&idNormativa=78878"
"Decreto - Ordenanza",4240,1977,"Código Urbano. Propiedades Privadas. Manzanas Nº 99, 116 y 134. Uso de Parque. Desafectación. Inmuebles desafectados. Derecho de propiedad. Restitución. Régimen Edilicio y de Usos.","12/08/1977",,,,"NO","https://www.rosario.gob.ar/normativa/ver/visualExterna.do?accion=verNormativa&idNormativa=34550"
"Decreto - Ordenanza",4183,1977,"Código de Publicidad.","09/08/1977",,,,"SI","https://ssl.rosario.gov.ar/mr/normativa/otras-normas/decretos-ordenanzas/decreto-ordenanza-4183-1977"
"Decreto - Ordenanza",4137,1977,"Código Urbano. Sección 7º. No aplicación del índice edilicio máximo. Zona.","29/07/1977",,,,"NO","https://www.rosario.gob.ar/normativa/ver/visualExterna.do?accion=verNormativa&idNormativa=35288"
"Decreto - Ordenanza",3908,1977,"Ordenanza de Contabilidad. Modificaciones.","08/07/1977",,,,"NO","https://www.rosario.gob.ar/normativa/ver/visualExterna.do?accion=verNormativa&idNormativa=39190"
"Decreto - Ordenanza",3844,1977,"Instituto Municipal de Previsión Social. Regularización.","04/07/1977",,,,"NO","https://www.rosario.gob.ar/normativa/ver/visualExterna.do?accion=verNormativa&idNormativa=91337"
"Decreto - Ordenanza",3832,1977,"Código Urbano. Sección 5º. Área Avda. Córdoba - Bv. Wilde - Avda. Berheim - Arroyo Ludueña. Trazado Oficial. Modificación.","30/06/1997",,,,"NO","https://www.rosario.gob.ar/normativa/ver/visualExterna.do?accion=verNormativa&idNormativa=34105"
"Decreto - Ordenanza",3824,1977,"Dirección General de Tránsito. Creación.","29/06/1977",,,,"NO","https://www.rosario.gob.ar/normativa/ver/visualExterna.do?accion=verNormativa&idNormativa=62222"
"Decreto - Ordenanza",3577,1977,"Playas de estacionamiento. Semáforo rojo.","06/06/1977",,,,"NO","https://www.rosario.gob.ar/normativa/ver/visualExterna.do?accion=verNormativa&idNormativa=274"
"Decreto - Ordenanza",2964,1977,"Residuos domiciliarios. Recolección. Prohibición de arrojar en la vía pública.  Aceras. Barrido. Lavado. Obligación. Responsabilidad. Sanciones.","22/03/1977",,,,"NO","https://www.rosario.gob.ar/normativa/ver/visualExterna.do?accion=verNormativa&idNormativa=32967"
"Decreto - Ordenanza",2876,1977,"Espectáculos públicos. Reglamentación.","13/03/1977",,,,"SI","https://ssl.rosario.gov.ar/mr/normativa/otras-normas/decretos-ordenanzas/decreto-ordenanza-2876-1977"
"Decreto - Ordenanza",2851,1977,"Código Urbano. Sección 6º. Guardería Infantil. Inscripción. Registro habilitante. Calidades de Ocupación. Distritos. Industriales. Comerciales. Residenciales. Instalaciones. Obligatorias. Obligatorias Condicionadas. Optativas.","09/03/1977",,,,"NO","https://www.rosario.gob.ar/normativa/ver/visualExterna.do?accion=verNormativa&idNormativa=34434"
"Decreto - Ordenanza",2850,1977,"Jardines de infantes","09/03/1977",,,,"NO","https://www.rosario.gob.ar/normativa/ver/visualExterna.do?accion=verNormativa&idNormativa=305"
"Decreto - Ordenanza",2515,1977,"Terrenos. Edificados. Baldíos. Frente a calle pública. Estado higiénico. Mantenimiento. Obligaciones. Penalidades.","19/01/1977",,,,"SI","https://ssl.rosario.gov.ar/mr/normativa/otras-normas/decretos-ordenanzas/decreto-ordenanza-2515-1977"
"Decreto - Ordenanza",2401,1976,"Decreto-Ordenanza N° 2319/76. Modificación.","31/12/1976",,,,"NO","https://www.rosario.gob.ar/normativa/ver/visualExterna.do?accion=verNormativa&idNormativa=259273"
"Decreto - Ordenanza",2305,1976,"Transporte de sustancias y productos alimenticios. Registro de introductores y repartidores. Habilitación de vehículos. Clasificación.","22/12/1976",,,,"NO","https://www.rosario.gob.ar/normativa/ver/visualExterna.do?accion=verNormativa&idNormativa=354"
"Decreto - Ordenanza",2255,1976,"Fondo Municipal de Obras Públicas. Creación.","24/01/1976",,,,"NO","https://www.rosario.gob.ar/normativa/ver/visualExterna.do?accion=verNormativa&idNormativa=65461"
"Decreto - Ordenanza",2250,1976,"Hospedaje. Pensión. Requisitos.","16/12/1976",,,,"NO","https://www.rosario.gob.ar/normativa/ver/visualExterna.do?accion=verNormativa&idNormativa=298"
"Decreto - Ordenanza",2006,1976,"Nafta. Adulteración. Multas.","15/11/1976",,,,"NO","https://www.rosario.gob.ar/normativa/ver/visualExterna.do?accion=verNormativa&idNormativa=309"
"Decreto - Ordenanza",1915,1976,"Código Urbano. Sección 5º. Sección 8º. Paseo Ribereño. Línea municipal Este.","08/11/1976",,,,"NO","https://www.rosario.gob.ar/normativa/ver/visualExterna.do?accion=verNormativa&idNormativa=34518"
"Decreto - Ordenanza",1629,1976,"Baños. Construcción. Instalación. Cantidad. Funcionamiento. Mantenimiento. Restaurantes. Comedores. Parrillas. Confiterías. Bares. Grandes Tiendas. Supermercados. Cines Teatros.","25/10/1976",,,,"NO","https://www.rosario.gob.ar/normativa/ver/visualExterna.do?accion=verNormativa&idNormativa=297"
"Decreto - Ordenanza",1569,1976,"Servicios Fúnebres. Reglamentación.","22/10/1976",,,,"SI","https://ssl.rosario.gov.ar/mr/normativa/otras-normas/decretos-ordenanzas/decreto-ordenanza-1569-1976"
"Decreto - Ordenanza",1477,1976,"Código Urbano. Sección 3º. Sección Catastral 5ta.. Proyecto de trazado vial. Aprobación. Distrito Industrial J1-9. Deslindes. Modificación. Distrito G4-1. Creación. Límites. Loteo. Usos. Régimen edilicio.","15/10/1976",,,,"NO","https://www.rosario.gob.ar/normativa/ver/visualExterna.do?accion=verNormativa&idNormativa=34375"
"Decreto - Ordenanza",1461,1976,"Negocios. Habilitación.","13/10/1976",,,,"NO","https://www.rosario.gob.ar/normativa/ver/visualExterna.do?accion=verNormativa&idNormativa=316"
"Decreto - Ordenanza",1383,1976,"Código Urbano. Sección 5º. Avda. Ovidio Lagos. Tramo. Calles. Garibaldi-Avda. Uriburu. Ancho Oficial. Modificación.","04/10/1976",,,,"NO","https://www.rosario.gob.ar/normativa/ver/visualExterna.do?accion=verNormativa&idNormativa=34370"
"Decreto - Ordenanza",1365,1976,"Código Urbano. Sección 5º. Calle Entre Ríos. Tramo Avda. Batlle y Ordoñez - Avda. San Martín. Ancho oficial. Modificación.","30/09/1976",,,,"NO","https://www.rosario.gob.ar/normativa/ver/visualExterna.do?accion=verNormativa&idNormativa=34494"
"Decreto - Ordenanza",1320,1976,"Pasaje Mercado. ""Escultor don Erminio Blotta"". Nueva denominación.","24/09/1976",,,,"NO","https://www.rosario.gob.ar/normativa/ver/visualExterna.do?accion=verNormativa&idNormativa=49312"
"Decreto - Ordenanza",1182,1976,"Código Urbano. Sección 5º. Calle Circunvalación. Tramo Esteban de Luca-Lamadrid. Prolongación. Supresión. Calle Olegario V. Andrade. Trazado oficial. Tramo Pavón- Ayacucho. Prolongación. Incorporación.","08/12/1976",,,,"NO","https://www.rosario.gob.ar/normativa/ver/visualExterna.do?accion=verNormativa&idNormativa=34545"
"Decreto - Ordenanza",818,1976,"Código Urbano. Sección 3º. Distrito G 1. Tintorerías. Limitaciones. Elaboración de soda. Establecimientos. Pequeña escala. Calidades de ocupación.","06/07/1976",,,,"NO","https://www.rosario.gob.ar/normativa/ver/visualExterna.do?accion=verNormativa&idNormativa=34548"
"Decreto - Ordenanza",660,1976,"Venta callejera. Requisitos. Obligaciones. Prohibiciones.","22/06/1976",,,,"NO","https://www.rosario.gob.ar/normativa/ver/visualExterna.do?accion=verNormativa&idNormativa=32987"
"Decreto - Ordenanza",47888,1973,"Código Urbano. Sección 5º. Trazado vial. Tramo Bv. 27 de Febrero. Avda-Provincias Unidas-Calle Emilia Bertole-Avda. de Circunvalación. Expediente Nº 25189-A-72.","22/05/1973",,,,"NO","https://www.rosario.gob.ar/normativa/ver/visualExterna.do?accion=verNormativa&idNormativa=34311"
"Decreto - Ordenanza",47642,1973,"Barrio Parque Field. Calle Nº 18. ""Prof. Dr. Mariano R. Castex"". Nueva designación.","25/04/1973",,,,"NO","https://www.rosario.gob.ar/normativa/ver/visualExterna.do?accion=verNormativa&idNormativa=46257"
"Decreto - Ordenanza",47614,1973,"Código Urbano de la Ciudad de Rosario.","18/04/1973",,,,"NO","https://www.rosario.gob.ar/normativa/ver/visualExterna.do?accion=verNormativa&idNormativa=34313"
"Decreto - Ordenanza",47553,1973,"Ordenanza Nº 1838/65. Obras de Pavimentación. Modificación.","11/04/1973",,,,"NO","https://www.rosario.gob.ar/normativa/ver/visualExterna.do?accion=verNormativa&idNormativa=47127"
"Decreto - Ordenanza",47378,1973,"Seguro y Subsidio Mutual Municipal. Texto legal y básico. Aprobación.","23/03/1973",,,,"NO","https://www.rosario.gob.ar/normativa/ver/visualExterna.do?accion=verNormativa&idNormativa=37176"
"Decreto - Ordenanza",47160,1973,"Calle del Lago. ""Sacerdote Marcelino Champagnat"". Nueva designación.","28/02/1973",,,,"NO","https://www.rosario.gob.ar/normativa/ver/visualExterna.do?accion=verNormativa&idNormativa=45813"
"Decreto - Ordenanza",47153,1973,"Código Urbano. Sección 3º. Distrito Industrial J 1-8. Trazado vial. Modificación. Aprobación. Expediente Nro. 22.103-G-72.","28/02/1973",,,,"NO","https://www.rosario.gob.ar/normativa/ver/visualExterna.do?accion=verNormativa&idNormativa=34318"
"Decreto - Ordenanza",46542,1972,"Ruidos molestos. Innecesarios. Excesivos. Mediciones. Procedimientos.","21/12/1972",,,,"SI","https://ssl.rosario.gov.ar/mr/normativa/otras-normas/decretos-ordenanzas/decreto-ordenanza-46542-1972"
"Decreto - Ordenanza",46252,1972,"Código Urbano. Sección 5º. Trazado vial. Aprobación. Expte. Nº 23.518-P-72.","25/10/1972",,,,"SI","https://ssl.rosario.gov.ar/mr/normativa/otras-normas/decretos-ordenanzas/decreto-ordenanza-46252-1972"
"Decreto - Ordenanza",44834,1972,"Publicaciones. Diarios. Revistas. Afines. Exhibición. Venta. Permisos. Requisitos. Prohibiciones.","18/04/1972",,,,"SI","https://www.rosario.gob.ar/mr/normativa/otras-normas/decreto-ordenanza-nb0-44834-72"
"Decreto - Ordenanza",44365,1972,"Código Urbano. Exposición de viviendas prefabricadas. Radicación. Requisitos.","20/01/1972",,,,"NO","https://www.rosario.gob.ar/normativa/ver/visualExterna.do?accion=verNormativa&idNormativa=34310"
"Decreto - Ordenanza",43979,1971,"Código Urbano. Prototipo Nº 40  (Concesionarias oficiales de automóviles nuevos). Emplazamiento. Distritos genéricos A y B.","18/11/1971",,,,"NO","https://www.rosario.gob.ar/normativa/ver/visualExterna.do?accion=verNormativa&idNormativa=34305"
"Decreto - Ordenanza",43852,1971,"Código Urbano. Sección 5º. Trazado vial. Área La República -García del Cosio - Juan José Paso - Juárez Celman. Aprobación.","27/10/1971",,,,"SI","https://ssl.rosario.gov.ar/mr/normativa/otras-normas/decretos-ordenanzas/decreto-ordenanza-43852-1971"
"Decreto - Ordenanza",43611,1971,"Código Urbano. Talleres de joyería. Distritos A1, A2, B2, C2 y D2. Emplazamiento. Autorización. Actividad manual y/o mecánica. Maquinarias. Límite de potencia. Dirección de Electricidad y Mecánica. Predios linderos. Perjuicios. Verificación.","06/09/1971",,,,"NO","https://www.rosario.gob.ar/normativa/ver/visualExterna.do?accion=verNormativa&idNormativa=34344"
"Decreto - Ordenanza",43452,1971,"Avenida Velódromo. ""Mariscal Francisco Solano López"". Nueva designación.","19/08/1971",,,,"NO","https://www.rosario.gob.ar/normativa/ver/visualExterna.do?accion=verNormativa&idNormativa=45761"
"Decreto - Ordenanza",43060,1971,"Código Urbano. Sección 5º. Pasajes. Creación. Expte. Nº 21.902-C-70","28/06/1971",,,,"NO","https://www.rosario.gob.ar/normativa/ver/visualExterna.do?accion=verNormativa&idNormativa=34297"
"Decreto - Ordenanza",42812,1971,"Pasaje C. Manzana 403. ""Calixto A. Lassaga"". Nueva designación. Pasaje D. Manzana 404. ""Juan Taltavull"". Nueva designación.","17/05/1971",,,,"NO","https://www.rosario.gob.ar/normativa/ver/visualExterna.do?accion=verNormativa&idNormativa=45812"
"Decreto - Ordenanza",42770,1971,"Código Urbano.Sección 8º. Prototipo Nº 45 (Taller de arenado en general).","12/05/1971",,,,"NO","https://www.rosario.gob.ar/normativa/ver/visualExterna.do?accion=verNormativa&idNormativa=34316"
"Decreto - Ordenanza",42764,1971,"Código Urbano. Sección 5º. Sector. Bv. Seguí - Vías F.C.G.M.B. - Camino de ""Las Animas"" - Av. Rouillón. Trazado vial. Aprobación.","11/05/1971",,,,"NO","https://www.rosario.gob.ar/normativa/ver/visualExterna.do?accion=verNormativa&idNormativa=34299"
"Decreto - Ordenanza",42730,1971,"Código Urbano. Distritos Urbanos Genéricos A y B. Laboratorios de prueba diesel. Actividad complementaria de comercio. Radicación. Autorización.","07/05/1971",,,,"NO","https://www.rosario.gob.ar/normativa/ver/visualExterna.do?accion=verNormativa&idNormativa=34342"
"Decreto - Ordenanza",42724,1971,"Código Urbano. Sección 3º. Trazado vial. Modificación. Expte. Nº37797-4-70.","06/05/1971",,,,"NO","https://www.rosario.gob.ar/normativa/ver/visualExterna.do?accion=verNormativa&idNormativa=34272"
"Decreto - Ordenanza",42517,1971,"Diarios. Revistas. Venta. Vendedores ambulantes. Colocación de mesas en las aceras. Requisitos.","13/04/1971",,,,"SI","https://ssl.rosario.gov.ar/mr/normativa/otras-normas/decretos-ordenanzas/decreto-ordenanza-42517-1971"
"Decreto - Ordenanza",42434,1971,"Código Urbano. Sección 6º. Exposición y ventas de materiales de construcción a cielo abierto. Instalación. Autorización. Carácter precario. Permiso renovable. Requisitos.","05/04/1971",,,,"NO","https://www.rosario.gob.ar/normativa/ver/visualExterna.do?accion=verNormativa&idNormativa=34491"
"Decreto - Ordenanza",42316,1971,"Código Urbano. Sección 6º. Prototipo Nº 40. Casas rodantes. Artículos para camping. Exposición. Venta. Radicación. Autorización. Distritos Genéricos G. Arterias. Requisitos.","22/03/1971",,,,"NO","https://www.rosario.gob.ar/normativa/ver/visualExterna.do?accion=verNormativa&idNormativa=34367"
"Decreto - Ordenanza",42288,1971,"Código Urbano. Sección 3º. Distritos transitorios F 3-15 y F2-5. Modificación. Distrito jardín G 1-11. Distrito arteria F2-39 y E 2-39. Creación. Distrito I 1-1. Deslinde. Modificación. Sección 5º. Trazado vial. Aprobación.","18/03/1971",,,,"NO","https://www.rosario.gob.ar/normativa/ver/visualExterna.do?accion=verNormativa&idNormativa=34302"
"Decreto - Ordenanza",42257,1971,"Parque independencia. Avenida Las Tipas. ""Mariscal Francisco Solano López"". Nueva denominación.","12/03/1971",,,,"NO","https://www.rosario.gob.ar/normativa/ver/visualExterna.do?accion=verNormativa&idNormativa=48823"
"Decreto - Ordenanza",42147,1971,"Ordenanza Nº 1838/65. Obras de Pavimentación. Modificación.","24/02/1971",,,,"NO","https://www.rosario.gob.ar/normativa/ver/visualExterna.do?accion=verNormativa&idNormativa=47129"
"Decreto - Ordenanza",42017,1971,"Calle Camino de los Eucaliptus. ""Dr. Fernando R. Ruiz"". Nueva designación.","08/02/1971",,,,"NO","https://www.rosario.gob.ar/normativa/ver/visualExterna.do?accion=verNormativa&idNormativa=45760"
"Decreto - Ordenanza",41876,1971,"Código Urbano. Sección 6º. Prototipos Nº 22, 25 y 26. Clubes Sociales y Deportivos. Emplazamiento. Autorización. Carácter precario.","15/01/1971",,,,"NO","https://www.rosario.gob.ar/normativa/ver/visualExterna.do?accion=verNormativa&idNormativa=34492"
"Decreto - Ordenanza",41831,1971,"Código Urbano. Talleres de gomería. Superficie mínima. Acera. Calzada. Trabajos. Prohibición.","12/01/1971",,,,"NO","https://www.rosario.gob.ar/normativa/ver/visualExterna.do?accion=verNormativa&idNormativa=34368"
"Decreto - Ordenanza",41487,1970,"Código Urbano. Sección 8º. Prototipo Nº 34 (Laboratorios). Laboratorios de Especialidades Medicinales. Instalación. Autorización. Distritos urbanos genéricos A, B y C2.","16/11/1970",,,,"NO","https://www.rosario.gob.ar/normativa/ver/visualExterna.do?accion=verNormativa&idNormativa=34317"
"Decreto - Ordenanza",41442,1970,"Calle Tupungato. ""Regimiento 11"". Nueva designación.","06/11/1970",,,,"NO","https://www.rosario.gob.ar/normativa/ver/visualExterna.do?accion=verNormativa&idNormativa=46258"
"Decreto - Ordenanza",41380,1970,"Código Urbano.Sección 6º. Prototipo Nº 32. Clínicas de reposo. Distritos B1 y B2. Prohibiciones.","28/10/1970",,,,"NO","https://www.rosario.gob.ar/normativa/ver/visualExterna.do?accion=verNormativa&idNormativa=34269"
"Decreto - Ordenanza",41213,1970,"Cementerios. Regalameto General.","01/10/1970",,,,"SI","https://ssl.rosario.gov.ar/mr/normativa/otras-normas/decretos-ordenanzas/decreto-ordenanza-41213-1970"
"Decreto - Ordenanza",41183,1970,"Pasaje Milton. ""Prof. Arq. Víctor Dellarole"". Nueva designación.","24/09/1970",,,,"NO","https://www.rosario.gob.ar/normativa/ver/visualExterna.do?accion=verNormativa&idNormativa=46259"
"Decreto - Ordenanza",41106,1970,"Código Urbano. Talleres de cerrajería del automóvil. Emplazamiento. Autorización. Distritos B1 y B2. Requisitos.","11/09/1970",,,,"NO","https://www.rosario.gob.ar/normativa/ver/visualExterna.do?accion=verNormativa&idNormativa=34304"
"Decreto - Ordenanza",41103,1970,"Código Urbano. Oficinas de representaciones. Radicación. Autorización. Distritos Urbanos G1. Requisitos.","11/09/1970",,,,"NO","https://www.rosario.gob.ar/normativa/ver/visualExterna.do?accion=verNormativa&idNormativa=34308"
"Decreto - Ordenanza",41099,1970,"Código Urbano. Talleres de metalúrgica liviana. Instalación de guillotinas. Autorización. Ampliación. Distritos D1 y D2. Características de diseño.","11/09/1970",,,,"NO","https://www.rosario.gob.ar/normativa/ver/visualExterna.do?accion=verNormativa&idNormativa=34307"
"Decreto - Ordenanza",41027,1970,"Código Urbano. Sección 3º. Talleres manuales de tapicería de automóviles. Emplazamiento. Autorización. Distrito B1 y B2. Requisitos.","04/09/1970",,,,"NO","https://www.rosario.gob.ar/normativa/ver/visualExterna.do?accion=verNormativa&idNormativa=34298"
"Decreto - Ordenanza",40863,1970,"Código Urbano. Sección 3º. Distritos Reservas y de reestructuración ferroviaria. R1-4. R2-3. R2-4. R2-5. R5-3. R5-5. R5-7. K. Modificación.","13/08/1970",,,,"NO","https://www.rosario.gob.ar/normativa/ver/visualExterna.do?accion=verNormativa&idNormativa=34267"
"Decreto - Ordenanza",40836,1970,"Código Urbano. Sección 3º. Talleres manuales de tapicería de muebles. Instalación. Distritos Urbanos B1 y B2. Requisitos.","10/08/1970",,,,"NO","https://www.rosario.gob.ar/normativa/ver/visualExterna.do?accion=verNormativa&idNormativa=34490"
"Decreto - Ordenanza",40829,1970,"Código Urbano. Sección 5º. Zona avenidas Arijón - Ovidio Lagos - Circunvalación - Trazado vial. Planificación graficada expediente               nro. 16.480-D-70. Aprobación.","10/08/1970",,,,"NO","https://www.rosario.gob.ar/normativa/ver/visualExterna.do?accion=verNormativa&idNormativa=34112"
"Decreto - Ordenanza",40741,1970,"Código Urbano. Distrito A y B. Pequeños depósitos. Emplazamiento. Requisitos.","29/07/1970",,,,"NO","https://www.rosario.gob.ar/normativa/ver/visualExterna.do?accion=verNormativa&idNormativa=34273"
"Decreto - Ordenanza",40665,1970,"Código Urbano. Sección 3º. Distrito R5-8. Deslindes. Modificación. Distrito E1-30. Creación. Pasaje Güiraldes. Ancho oficial. Ampliación. Pasaje vehicular. Creación. Pasaje Tafí. Prolongación.","17/07/1970",,,,"NO","https://www.rosario.gob.ar/normativa/ver/visualExterna.do?accion=verNormativa&idNormativa=34312"
"Decreto - Ordenanza",40631,1970,"Código Urbano. Sección 3º.División y Urbanización de Tierras. Zonas IV y  V. Deslindes. Modificación. Distritos. F3-1 a F3-4. Supresión. Distrito Rural. Modificación. Distrito G1-10. Creación.Usos. Régimen edilicio. Loteos. Varios.","13/07/1970",,,,"NO","https://www.rosario.gob.ar/normativa/ver/visualExterna.do?accion=verNormativa&idNormativa=34270"
"Decreto - Ordenanza",40467,1970,"Ordenanza Nº 1838/65. Obras de Pavimentación.Modificación.","23/06/1970",,,,"NO","https://www.rosario.gob.ar/normativa/ver/visualExterna.do?accion=verNormativa&idNormativa=47126"
"Decreto - Ordenanza",40424,1970,"Av. Mendoza. Tramo Este-Oeste. ""San José de Calasanz"". Nueva designación.","17/06/1970",,,,"NO","https://www.rosario.gob.ar/normativa/ver/visualExterna.do?accion=verNormativa&idNormativa=46261"
"Decreto - Ordenanza",40357,1970,"Calle 25 de Diciembre. Tramo Córdoba-AvBelgrano. ""Pasaje Arquitecto Ángel Guido"". Nueva designación.","08/06/1970",,,,"NO","https://www.rosario.gob.ar/normativa/ver/visualExterna.do?accion=verNormativa&idNormativa=46262"
"Decreto - Ordenanza",40338,1970,"Código Urbano. Sección 6º. Protipo Nº 39 (Comercios Mayoristas). Emplazamiento. Autorización. Distritos A1, A2, B1, B2, C1 y D1.","08/06/1970",,,,"SI","https://ssl.rosario.gov.ar/mr/normativa/otras-normas/decretos-ordenanzas/decreto-ordenanza-40338-1970"
"Decreto - Ordenanza",40050,1970,"Código Urbano. Sección 3º. Talleres metalurgia liviana. Guillotinas. Circuito hidraúlico reductor vibraciones. Emplazamiento. Autorización. Distritos E1 y E2 (prototipo nº45).","24/04/1970",,,,"NO","https://www.rosario.gob.ar/normativa/ver/visualExterna.do?accion=verNormativa&idNormativa=34111"
"Decreto - Ordenanza",39649,1970,"Kioscos. Funcionamiento. Prohibiciones.","23/02/1970",,,,"NO","https://www.rosario.gob.ar/normativa/ver/visualExterna.do?accion=verNormativa&idNormativa=234"
"Decreto - Ordenanza",39641,1970,"Código Urbano. Distrito Industrial J2-2. Distrito Transitorio F3-21/F2-11. Trazado oficial. Aprobación.","23/02/1970",,,,"NO","https://www.rosario.gob.ar/normativa/ver/visualExterna.do?accion=verNormativa&idNormativa=34275"
"Decreto - Ordenanza",39444,1969,"Código Urbano. Droguerías. Perfumerías. Mayoristas. Actividades similares. Prototipo Nº 35. Asignación.","23/10/1969",,,,"NO","https://www.rosario.gob.ar/normativa/ver/visualExterna.do?accion=verNormativa&idNormativa=34199"
"Decreto - Ordenanza",39103,1969,"Código Urbano. Sección 6º. Actividades industriales. Radicación. Prohibición. Excepción.","17/11/1969",,,,"NO","https://www.rosario.gob.ar/normativa/ver/visualExterna.do?accion=verNormativa&idNormativa=34262"
"Decreto - Ordenanza",39008,1969,"Código Urbano. Distritos Industriales. Subdistritos Industriales.  Actividad comercial. Instalación.","03/11/1969",,,,"NO","https://www.rosario.gob.ar/normativa/ver/visualExterna.do?accion=verNormativa&idNormativa=34206"
"Decreto - Ordenanza",39000,1969,"Guardería de ancianos. Habilitación. Funcionamiento.","03/11/1969",,,,"NO","https://www.rosario.gob.ar/normativa/ver/visualExterna.do?accion=verNormativa&idNormativa=302"
"Decreto - Ordenanza",38944,1969,"Código Urbano. Sección 6º. Prototipo Nº 35 (Comercios Minoristas). Droguerías. Perfumerías. Mayoristas. Actividades similares.","23/10/1969",,,,"NO","https://www.rosario.gob.ar/normativa/ver/visualExterna.do?accion=verNormativa&idNormativa=34489"
"Decreto - Ordenanza",38899,1969,"Código Urbano. Sección 5º. Calle. Creación. Ancho oficial. Calle Casilda. Trazado vial. Tramo Avda. Provincias Unidas - Calle creada. Anulación.","20/10/1969",,,,"NO","https://www.rosario.gob.ar/normativa/ver/visualExterna.do?accion=verNormativa&idNormativa=34188"
"Decreto - Ordenanza",38871,1969,"Piletas de natación. Uso público. Permiso. Obligaciones. Medidas de Prevención y Seguridad.","18/10/1969",,,,"SI","https://ssl.rosario.gov.ar/mr/normativa/otras-normas/decretos-ordenanzas/decreto-ordenanza-38871-1969"
"Decreto - Ordenanza",38861,1969,"Código Urbano. Sección 5º. Calles. Perú. Fraga. Dean Funes. Uruguay. Trazado. Tramos. Anulación. Calle Cullen. Fraga. Trazado oficial. Modificación. Ancho oficial. Pasaje. Creación. Ancho oficial.","13/10/1969",,,,"NO","https://www.rosario.gob.ar/normativa/ver/visualExterna.do?accion=verNormativa&idNormativa=34343"
"Decreto - Ordenanza",38735,1969,"Código Urbano. Institutos de Psicología  Asistencial. Usos similares. Prototipo Nº 17. Asimilación.","25/09/1969",,,,"NO","https://www.rosario.gob.ar/normativa/ver/visualExterna.do?accion=verNormativa&idNormativa=34348"
"Decreto - Ordenanza",38695,1969,"Código Urbano. Sección 6º. Casas de velatorios. Prototipo Nº 15. Distritos  A1 y A2. Instalación. Radicación.","16/09/1969",,,,"NO","https://www.rosario.gob.ar/normativa/ver/visualExterna.do?accion=verNormativa&idNormativa=34196"
"Decreto - Ordenanza",38590,1969,"Código Urbano.  Urbanización. Barrio Larrea. Areas colindantes. Aprobación. Sección 5º. Calle. Creación. Ancho oficial.  Av. Génova. Tramo. Ancho oficial.","02/09/1969",,,,"SI","https://ssl.rosario.gov.ar/mr/normativa/otras-normas/decretos-ordenanzas/decreto-ordenanza-38590-1969"
"Decreto - Ordenanza",38515,1969,"Código Urbano. Sección 6º. Depósitos subterraneos de combustibles. Prototipo Nº 43. Asimilación.","25/08/1969",,,,"NO","https://www.rosario.gob.ar/normativa/ver/visualExterna.do?accion=verNormativa&idNormativa=34197"
"Decreto - Ordenanza",38471,1969,"Código Urbano. Garages. Depósitos. Actividades anexas. Negocios de Pompas Fúnebres. Prototipo Nº 15.","18/08/1969",,,,"NO","https://www.rosario.gob.ar/normativa/ver/visualExterna.do?accion=verNormativa&idNormativa=34195"
"Decreto - Ordenanza",38470,1969,"Código Urbano. Sección 3º. Talleres de calzado. Distritos A-1, A-2, B-2, C-2  y D-2. Localización. Requisitos.","18/08/1969",,,,"NO","https://www.rosario.gob.ar/normativa/ver/visualExterna.do?accion=verNormativa&idNormativa=34204"
"Decreto - Ordenanza",38450,1969,"Pasaje 13 de Agosto. Designación.","08/08/1969",,,,"NO","https://www.rosario.gob.ar/normativa/ver/visualExterna.do?accion=verNormativa&idNormativa=46263"
"Decreto - Ordenanza",38440,1969,"Código Urbano. Sección 5º. Planificación vial. Sección Catastral 5º. Sector. Av. Batlle y Ordónez - Av. San Martín - Av. Circunvalación. Aprobación.","11/08/1969",,,,"SI","https://ssl.rosario.gov.ar/mr/normativa/otras-normas/decretos-ordenanzas/decreto-ordenanza-38440-1969"
"Decreto - Ordenanza",38306,1969,"Código Urbano. Asistencia Médica. Prototipo Nº 32. Institutos Médicos Asistenciales. Consultorios Externos. Distritos. A1. A2.Actividades de internación. Prohibición.","22/07/1969",,,,"NO","https://www.rosario.gob.ar/normativa/ver/visualExterna.do?accion=verNormativa&idNormativa=34203"
"Decreto - Ordenanza",38266,1969,"Código Urbano. Sección 3º. Talleres de confección de ropa. Distritos A-1, A-2 y B-2. Instalación. Requisitos.","21/07/1969",,,,"NO","https://www.rosario.gob.ar/normativa/ver/visualExterna.do?accion=verNormativa&idNormativa=34201"
"Decreto - Ordenanza",38264,1969,"Código Urbano. Sección 6º. Prototipo Nº 45. Herrerías de caballo. Instalación. Distritos. Prohibición.","21/07/1969",,,,"NO","https://www.rosario.gob.ar/normativa/ver/visualExterna.do?accion=verNormativa&idNormativa=34202"
"Decreto - Ordenanza",38255,1969,"Negocios. Establecimientos. Habilitaciones. Traslados. Autoridad competenete.","18/07/1969",,,,"SI","https://ssl.rosario.gov.ar/mr/normativa/otras-normas/decretos-ordenanzas/decreto-ordenanza-38255-1969"
"Decreto - Ordenanza",38214,1969,"Código Urbano. Sección 6º. Prototipo Nº 46. Talleres de prótesis dental. Localización. Autorización.Requisitos. Extensión.","10/07/1969",,,,"NO","https://www.rosario.gob.ar/normativa/ver/visualExterna.do?accion=verNormativa&idNormativa=34266"
"Decreto - Ordenanza",38091,1969,"Código Urbano.  Sección 5º. Calle Riobamba entre Av. Pcias. Unidas y Calle Campbell. Lado sur. Retiro de edificación. Servidumbre de jardín.","19/06/1969",,,,"NO","https://www.rosario.gob.ar/normativa/ver/visualExterna.do?accion=verNormativa&idNormativa=34347"
"Decreto - Ordenanza",37983,1969,"Código Urbano. Sección 6º. Prototipo Nº 46. Talleres de Joyería. Distritos A1, A2, B2, C2 y D2. Emplazamiento. Autorización.","30/05/1969",,,,"NO","https://www.rosario.gob.ar/normativa/ver/visualExterna.do?accion=verNormativa&idNormativa=34207"
"Decreto - Ordenanza",37956,1969,"Código Urbano. Sección 3º. Distritos J5-9 y J5-10. Régimen de transitoriedad. Supresión. Distrito de reserva R5-1. Nomenclatura definitiva. Asignación.","28/05/1969",,,,"NO","https://www.rosario.gob.ar/normativa/ver/visualExterna.do?accion=verNormativa&idNormativa=34200"
"Decreto - Ordenanza",37955,1969,"Código Urbano. Taller de tintorería. Distritos. A1. A2. B1.Instalación. Autorización.","28/05/1969",,,,"NO","https://www.rosario.gob.ar/normativa/ver/visualExterna.do?accion=verNormativa&idNormativa=34198"
"Decreto - Ordenanza",37948,1969,"Código Urbano. Sección 5º. Calles. Marco Polo. Frías. Amalfi. Prolongación. Pasajes. Creación. Ancho oficial. Pasaje Sinópolis. Prolongación. Ancho oficial.","28/05/1969",,,,"NO","https://www.rosario.gob.ar/normativa/ver/visualExterna.do?accion=verNormativa&idNormativa=34345"
"Decreto - Ordenanza",37937,1969,"Parques Independencia, Leandro N. Alem, Monumento Nacional a la Bandera, Plaza Sarmiento. Paradas fijas. Ventas. Permiso. Otorgamiento.","26/05/1969",,,,"NO","https://www.rosario.gob.ar/normativa/ver/visualExterna.do?accion=verNormativa&idNormativa=46249"
"Decreto - Ordenanza",37897,1969,"Código Urbano. Sección 5º. Trazado vial. Zona. Aprobación. Sección 3º. Distritos G 3-6, I 1-9, F 3-8 y F 1-5. Modificación. Proyecto de División y Urbanización de Tierras. Modificación.","19/05/1969",,,,"SI","https://ssl.rosario.gov.ar/mr/normativa/otras-normas/decretos-ordenanzas/decreto-ordenanza-37897-1969"
"Decreto - Ordenanza",37755,1969,"Código Urbano. Sección 6º.  Plantas automáticas de panificación. Prototipo Nº 46. Rubro. Comercio Minorista. Prototipo Nº 35.","23/04/1969",,,,"NO","https://www.rosario.gob.ar/normativa/ver/visualExterna.do?accion=verNormativa&idNormativa=34205"
"Decreto - Ordenanza",37581,1969,"Código Urbano. Sección 6º. Clubes Sociales. Prototipo Nº 22. Distritos C1, D1, E1, F1, F2, F3, G1, G2, G3 y H3. Clubes Atléticos. Instalaciones Cubiertas. Distritos F2, F3, G2 y G3.","18/03/1969",,,,"NO","https://www.rosario.gob.ar/normativa/ver/visualExterna.do?accion=verNormativa&idNormativa=34191"
"Decreto - Ordenanza",37501,1969,"Código Urbano. Talleres de imprenta. Emplazamiento. Autorización. Distritos A1, A2, B1, B2, C2 y D2.","07/03/1969",,,,"NO","https://www.rosario.gob.ar/normativa/ver/visualExterna.do?accion=verNormativa&idNormativa=34192"
"Decreto - Ordenanza",37268,1969,"Código Urbano. Sección 6º. Distritos. Sub-distritos industriales. Radicaciones.  Prohibición.","21/01/1969",,,,"SI","https://ssl.rosario.gov.ar/mr/normativa/otras-normas/decretos-ordenanzas/decreto-ordenanza-37268-1969"
"Decreto - Ordenanza",37263,1969,"Código Urbano.Sección 3º-5º.Trazado Vial.Av. Uriburu-Av. de Circunvalación-F.C.N.G.M.B.-camino viejo a Soldini-límite administrativo del Municipio.Aprobación.DistritoG3-9.Distrito I1-11.Zonas IIA-I-IV.Modificación.DistritoTransitorioF3-29/F2-19.Creación.","21/01/1969",,,,"NO","https://www.rosario.gob.ar/normativa/ver/visualExterna.do?accion=verNormativa&idNormativa=34147"
"Decreto - Ordenanza",37187,1969,"Código Urbano. Sección 5º. Trazado oficial. Calles. Creación. Prolongación. Ancho oficial.  Supresión. Ensanche. Pasajes. Creación. Ancho oficial.","07/01/1969",,,,"NO","https://www.rosario.gob.ar/normativa/ver/visualExterna.do?accion=verNormativa&idNormativa=34271"
"Decreto - Ordenanza",37126,1968,"Código Urbano. Negocios de elaboración de pastas frescas. Prototipo Nº 35. Comercio minorista. Incorporación.","20/12/1968",,,,"NO","https://www.rosario.gob.ar/normativa/ver/visualExterna.do?accion=verNormativa&idNormativa=34187"
"Decreto - Ordenanza",37098,1968,"Código Urbano.Sección 5º.Paseo Ribereño.Trazado oficial. Modificación.Sección 8º.Sector ribereño.Nuevas líneas de edificación.Sección 3º.Distrito H2-1.Incorporación.Líneas municipales.Retiros.Distrito G.1.Servidumbres de jardín.Calles.Prolongación.","13/12/1968",,,,"NO","https://www.rosario.gob.ar/normativa/ver/visualExterna.do?accion=verNormativa&idNormativa=34193"
"Decreto - Ordenanza",37073,1968,"Código Urbano. Sección 3º. Distritos. R5-3. R5-4. R5-5. R5-6. R5-7. R5-8. Usos provisorios. Distrito R2-1. Distrito R. Comercios minoristas. Prototipo 35. Prototipo 36.","05/12/1968",,,,"NO","https://www.rosario.gob.ar/normativa/ver/visualExterna.do?accion=verNormativa&idNormativa=34186"
"Decreto - Ordenanza",37008,1968,"Código Urbano. Sección 6º. Prototipo Nº 47 (Cultivo de plantas, semilleros y oleaginosas - Peladeros de Aves). Depósito de aves y/o animales vivos.  Área. Radicación.  Extensión. Distrito F3. Prototipo 46 (peladeros mecánicos).","22/11/1968",,,,"NO","https://www.rosario.gob.ar/normativa/ver/visualExterna.do?accion=verNormativa&idNormativa=34184"
"Decreto - Ordenanza",36997,1968,"Calle Miramar. ""Juan Vucetich"". Nueva designación.","22/11/1968",,,,"NO","https://www.rosario.gob.ar/normativa/ver/visualExterna.do?accion=verNormativa&idNormativa=46266"
"Decreto - Ordenanza",36892,1968,"Barrio Parque Field. Calle Nº 19. ""Brazilia"". Nueva designación.","08/11/1968",,,,"NO","https://www.rosario.gob.ar/normativa/ver/visualExterna.do?accion=verNormativa&idNormativa=46267"
"Decreto - Ordenanza",36680,1968,"Barrio Fisherton. Calle Nº 1. ""Profesor Aníbal Chizzini"".","27/09/1968",,,,"NO","https://www.rosario.gob.ar/normativa/ver/visualExterna.do?accion=verNormativa&idNormativa=46268"
"Decreto - Ordenanza",36289,1968,"Barrio Parque Field. Calle Nº 22. ""Zenon Pereyra"". Nueva designación.","16/07/1968",,,,"NO","https://www.rosario.gob.ar/normativa/ver/visualExterna.do?accion=verNormativa&idNormativa=46269"
"Decreto - Ordenanza",36158,1968,"Calle Lovay. ""Luis Braille"". Nueva designación.","19/06/1968",,,,"NO","https://www.rosario.gob.ar/normativa/ver/visualExterna.do?accion=verNormativa&idNormativa=46270"
"Decreto - Ordenanza",36007,1968,"Barrio Parque Field. Calle Nº 17. ""Walt Disney"". Nueva designación.","20/05/1968",,,,"NO","https://www.rosario.gob.ar/normativa/ver/visualExterna.do?accion=verNormativa&idNormativa=46271"
"Decreto - Ordenanza",35999,1968,"Código Urbano. Sección 5º.  Av. Pellegrini,  Av. Godoy. Av. Campbell. Ancho Oficial. Modificación.","20/05/1968",,,,"NO","https://www.rosario.gob.ar/normativa/ver/visualExterna.do?accion=verNormativa&idNormativa=34194"
"Decreto - Ordenanza",35984,1968,"Barrio Godoy. Calle Nº 1. ""Prebistero Dr. Vicente Montes Carballo"". Nueva designación.","14/05/1968",,,,"NO","https://www.rosario.gob.ar/normativa/ver/visualExterna.do?accion=verNormativa&idNormativa=46272"
"Decreto - Ordenanza",35980,1968,"Código Urbano. Sección 3º. Distritos. A1. A2. B2. Talleres de confección de llaves, composturas y/o armado de cerraduras.","14/05/1968",,,,"NO","https://www.rosario.gob.ar/normativa/ver/visualExterna.do?accion=verNormativa&idNormativa=34189"
"Decreto - Ordenanza",35820,1968,"Bares. Galerías. Sanitarios.","05/04/1968",,,,"NO","https://www.rosario.gob.ar/normativa/ver/visualExterna.do?accion=verNormativa&idNormativa=222"
"Decreto - Ordenanza",35507,1968,"Construcción garages. Transitorios. Hotel. Casos especiales. Prescripciones. Capacidad. Garages obligatorios.","18/01/1968",,,,"SI","https://ssl.rosario.gov.ar/mr/normativa/otras-normas/decretos-ordenanzas/decreto-ordenanza-35507-1968"
"Decreto - Ordenanza",35082,1967,"Playas de estacionamiento. Cocheras. Instalación. Funcionamiento. Normas comunes, generales y especiales. Penalidades.","03/11/1967",,,,"SI","https://ssl.rosario.gov.ar/mr/normativa/otras-normas/decretos-ordenanzas/decreto-ordenanza-35082-1967"
"Decreto - Ordenanza",35048,1967,"Nafta super o especial. Adulteración. Multas.","27/10/1967",,,,"SI","https://ssl.rosario.gov.ar/mr/normativa/otras-normas/decretos-ordenanzas/decreto-ordenanza-35048-1967"
"Decreto - Ordenanza",34917,1967,"Código Urbano. Sección 5º. Pasaje Lavalleja. Ancho oficial. Terrenos. Fracciones. Utilidad Pública. Declaración. Expropiación.","05/10/1967",,,,"NO","https://www.rosario.gob.ar/normativa/ver/visualExterna.do?accion=verNormativa&idNormativa=34374"
"Decreto - Ordenanza",34318,1967,"Plan Regulador para la ciudad de Rosario. Aprobación.","19/06/1967",,,,"NO","https://www.rosario.gob.ar/normativa/ver/visualExterna.do?accion=verNormativa&idNormativa=98102"
"Decreto - Ordenanza",34268,1967,"Ordenanza Nº 1838/65. Obras de Pavimentación.Modificación.","09/06/1967",,,,"NO","https://www.rosario.gob.ar/normativa/ver/visualExterna.do?accion=verNormativa&idNormativa=47123"
"Decreto - Ordenanza",34126,1967,"Bares. Bares americanos al paso. Horario mínimo de atención.","03/05/1967",,,,"NO","https://www.rosario.gob.ar/normativa/ver/visualExterna.do?accion=verNormativa&idNormativa=321"
"Decreto - Ordenanza",34085,1967,"Bares. Habilitación.","21/04/1967",,,,"NO","https://www.rosario.gob.ar/normativa/ver/visualExterna.do?accion=verNormativa&idNormativa=319"
"Decreto - Ordenanza",33924,1967,"Playas de estacionamiento. Tarifas máximas. Determinación.","14/03/2007",,,,"NO","https://www.rosario.gob.ar/normativa/ver/visualExterna.do?accion=verNormativa&idNormativa=48145"
"Decreto - Ordenanza",33561,1966,"Pasaje José Di Pierri. Designación.","22/12/1966",,,,"NO","https://www.rosario.gob.ar/normativa/ver/visualExterna.do?accion=verNormativa&idNormativa=46284"
"Decreto - Ordenanza",33533,1966,"Barrio La Florida. Pasaje Marina. ""Santiago Caccia"". Nueva designación.","13/12/1966",,,,"NO","https://www.rosario.gob.ar/normativa/ver/visualExterna.do?accion=verNormativa&idNormativa=46286"
"Decreto - Ordenanza",33513,1966,"Pasaje Obarrio. ""Prebísterio Domingo Pettinari"". Nueva designación","07/12/1966",,,,"NO","https://www.rosario.gob.ar/normativa/ver/visualExterna.do?accion=verNormativa&idNormativa=46288"
"Decreto - Ordenanza",33337,1966,"División y Urbanización de Tierras en el Municipio de Rosario. Proyecto. Aprobación. Comisión Asesora. Consultores.","26/10/1966",,,,"SI","https://ssl.rosario.gov.ar/mr/normativa/otras-normas/decretos-ordenanzas/decreto-ordenanza-33337-1966"
"Decreto - Ordenanza",28883,1963,"Ordenanza Nº 3/1919. Barrido y lavado de aceras. Modificación.","13/09/1963",,,,"NO","https://www.rosario.gob.ar/normativa/ver/visualExterna.do?accion=verNormativa&idNormativa=98093"
"Decreto - Ordenanza",28736,1963,"""Boite"". Supresión del rubro en la Ordenanza Nro. 1.550/61.","05/08/1963",,,,"NO","https://www.rosario.gob.ar/normativa/ver/visualExterna.do?accion=verNormativa&idNormativa=325"
"Decreto - Ordenanza",28625,1963,"Av. de Enlace. ""Av. del Huerto"". Nueva designación. Plazoleta Arcelia Delgado de Arias. Designación.","27/06/1963",,,,"NO","https://www.rosario.gob.ar/normativa/ver/visualExterna.do?accion=verNormativa&idNormativa=46292"
"Decreto - Ordenanza",28269,1963,"Playas de estacionamiento. Estaciones de carga. Depósito de vehículos y garages.  Conceptualización. Desinfección obligatoria de vehículos de transporte de pasajeros.","15/02/1963",,,,"NO","https://www.rosario.gob.ar/normativa/ver/visualExterna.do?accion=verNormativa&idNormativa=240"
"Decreto - Ordenanza",28264,1963,"Ruidos molestos. Prohibiciones. Permisos circunstanciales.","14/02/1963",,,,"NO","https://www.rosario.gob.ar/normativa/ver/visualExterna.do?accion=verNormativa&idNormativa=299"
"Decreto - Ordenanza",28036,1962,"Código Urbano. Sección 5º. Avenida de circunvalación. Trazado. Plano oficial. Incorporación. Avenidas: Córdoba. Caseros. Ovidio Lagos. Calle Ayacucho. Línea de edificación. Servidumbres de jardines.","12/11/1962",,,,"NO","https://www.rosario.gob.ar/normativa/ver/visualExterna.do?accion=verNormativa&idNormativa=34264"
"Decreto - Ordenanza",28012,1962,"Código Urbano. Sección 5º. Tramo: Bv. Oronño - Av. Ovidio Lagos -  Av. Jorge Cura - Bv. Seguí. Línea municipal. Modificación. Características. Prohibición de construcción.","29/10/1962",,,,"NO","https://www.rosario.gob.ar/normativa/ver/visualExterna.do?accion=verNormativa&idNormativa=34265"
"Decreto - Ordenanza",28003,1962,"Av. Francisco de Godoy. Av. Sorrento. Bv. Argentino. Denominaciones tradicionales. Restitución.Calle República Oriental del Uruguay. ""Ayolas"". Restitución.","26/10/1962",,,,"NO","https://www.rosario.gob.ar/normativa/ver/visualExterna.do?accion=verNormativa&idNormativa=46291"
"Decreto - Ordenanza",27800,1962,"Construcción Planetario y Observatorio Astronómico. Zonas Aledañas. Requisitos.","13/09/1962",,,,"NO","https://www.rosario.gob.ar/normativa/ver/visualExterna.do?accion=verNormativa&idNormativa=175898"
"Decreto - Ordenanza",27680,1962,"Calle Primera Junta. Designación.","20/08/1962",,,,"NO","https://www.rosario.gob.ar/normativa/ver/visualExterna.do?accion=verNormativa&idNormativa=46293"
"Decreto - Ordenanza",24606,1960,"Código Urbano. Sección 5º. Calles. Pasajes. Denominación.","02/03/1960",,,,"NO","https://www.rosario.gob.ar/normativa/ver/visualExterna.do?accion=verNormativa&idNormativa=37265"
"Decreto - Ordenanza",24565,1960,"Código Urbano. Sección 5º.  Calles. Pasajes. Denominación.","18/02/1960",,,,"NO","https://www.rosario.gob.ar/normativa/ver/visualExterna.do?accion=verNormativa&idNormativa=37284"
"Decreto - Ordenanza",24564,1960,"Código Urbano. Sección 5º. Calles. Pasajes. Denominación.","18/02/1960",,,,"NO","https://www.rosario.gob.ar/normativa/ver/visualExterna.do?accion=verNormativa&idNormativa=37258"
"Decreto - Ordenanza",24563,1960,"Código Urbano. Sección 5º. Calles. Pasajes. Denominación.","18/02/1960",,,,"NO","https://www.rosario.gob.ar/normativa/ver/visualExterna.do?accion=verNormativa&idNormativa=37263"
"Decreto - Ordenanza",24464,1960,"Código Urbano. Sección 5º. Calles. Pasajes. Denominación.","27/01/1960",,,,"NO","https://www.rosario.gob.ar/normativa/ver/visualExterna.do?accion=verNormativa&idNormativa=37282"
"Decreto - Ordenanza",24341,1960,"Código Urbano. Sección 5º. Calles. Pasajes. Denominación.","04/01/1960",,,,"NO","https://www.rosario.gob.ar/normativa/ver/visualExterna.do?accion=verNormativa&idNormativa=37253"
"Decreto - Ordenanza",24044,1959,"Código Urbano. Sección 5. Plaza pública. Denominación.","23/11/1959",,,,"NO","https://www.rosario.gob.ar/normativa/ver/visualExterna.do?accion=verNormativa&idNormativa=37256"
"Decreto - Ordenanza",24026,1959,"Código Urbano. Sección 5º. Calle. Denominación.","18/11/1959",,,,"NO","https://www.rosario.gob.ar/normativa/ver/visualExterna.do?accion=verNormativa&idNormativa=37186"
"Decreto - Ordenanza",24209,1958,"Código Urbano. Sección 5º. Calles. Pasajes. Denominación.","16/12/1959",,,,"NO","https://www.rosario.gob.ar/normativa/ver/visualExterna.do?accion=verNormativa&idNormativa=37150"
"Decreto - Ordenanza",22013,1958,"Código Urbano. Sección 5º. Calles. Pasajes. Denominación.","11/04/1958",,,,"NO","https://www.rosario.gob.ar/normativa/ver/visualExterna.do?accion=verNormativa&idNormativa=37195"
"Decreto - Ordenanza",22012,1958,"Código Urbano. Sección 5º. Calles.  Pasajes. Denominación.","02/04/1958",,,,"NO","https://www.rosario.gob.ar/normativa/ver/visualExterna.do?accion=verNormativa&idNormativa=37128"
"Decreto - Ordenanza",21924,1958,"Código Urbano. Sección 5º. Calles. Pasajes. Denominación.","08/04/1958",,,,"NO","https://www.rosario.gob.ar/normativa/ver/visualExterna.do?accion=verNormativa&idNormativa=37183"
"Decreto - Ordenanza",21876,1958,"Código Urbano. Sección 5º.  Calles. Pasajes. Denominación.","25/03/1958",,,,"NO","https://www.rosario.gob.ar/normativa/ver/visualExterna.do?accion=verNormativa&idNormativa=37193"
"Decreto - Ordenanza",21862,1958,"Código Urbano. Sección 5º. Pasajes. Denominación.","05/03/1958",,,,"NO","https://www.rosario.gob.ar/normativa/ver/visualExterna.do?accion=verNormativa&idNormativa=37148"
"Decreto - Ordenanza",21794,1958,"Código Urbano. Sección 5º. Calles. Pasajes. Denominación.","12/03/1955",,,,"NO","https://www.rosario.gob.ar/normativa/ver/visualExterna.do?accion=verNormativa&idNormativa=37252"
"Decreto - Ordenanza",21750,1958,"Código Urbano. Sección 5º. Calle. Denominación.","04/03/1958",,,,"NO","https://www.rosario.gob.ar/normativa/ver/visualExterna.do?accion=verNormativa&idNormativa=37181"
"Decreto - Ordenanza",21749,1958,"Código Urbano. Sección 5. Paseo Público. Denominación.","06/03/1958",,,,"NO","https://www.rosario.gob.ar/normativa/ver/visualExterna.do?accion=verNormativa&idNormativa=37276"
"Decreto - Ordenanza",21705,1958,"Calles. Pasajes. Designación.","26/02/1958",,,,"NO","https://www.rosario.gob.ar/normativa/ver/visualExterna.do?accion=verNormativa&idNormativa=49311"
"Decreto - Ordenanza",21677,1958,"Código Urbano. Sección 5º. Calles. Pasajes. Denominación.","11/02/1958",,,,"NO","https://www.rosario.gob.ar/normativa/ver/visualExterna.do?accion=verNormativa&idNormativa=37147"
"Decreto - Ordenanza",20762,1957,"Código Urbano. Sección 5º. Calles. Pasaje. Denominación.","21/08/1957",,,,"NO","https://www.rosario.gob.ar/normativa/ver/visualExterna.do?accion=verNormativa&idNormativa=37151"
"Decreto - Ordenanza",20609,1957,"Instituto de Lucha Antipoliomielítica y de Rehabilitación del Lisiado (ILAR). Consejo de Administración. Ampliación.","01/08/1957",,,,"NO","https://www.rosario.gob.ar/normativa/ver/visualExterna.do?accion=verNormativa&idNormativa=210576"
"Decreto - Ordenanza",20575,1957,"Pasaje Tiro Suizo. ""General Manuel N. Savio"". Nueva denominación.","26/07/1957",,,,"NO","https://www.rosario.gob.ar/normativa/ver/visualExterna.do?accion=verNormativa&idNormativa=49309"
"Decreto - Ordenanza",20574,1957,"Barrio Antártida Argentina. Calle 25 de Mayo. ""Juan Chassaing"". Nueva designación.","26/07/1957",,,,"NO","https://www.rosario.gob.ar/normativa/ver/visualExterna.do?accion=verNormativa&idNormativa=46847"
"Decreto - Ordenanza",20567,1957,"Instituto de Lucha Antipolimielítica y Rehabilitación del Lisiado (ILAR). Creación.","27/07/1957",,,,"NO","https://www.rosario.gob.ar/normativa/ver/visualExterna.do?accion=verNormativa&idNormativa=179008"
"Decreto - Ordenanza",19975,1957,"Ordenanza de Contabilidad. Aprobación.","26/03/1957",,,,"SI","http://www.rosario.gov.ar/mr/normativa/ordenanza-de-contabilidad/decreto-ordenanza-no-19975-1957"
"Decreto - Ordenanza",19381,1956,"Barrio Acindar. Calles. Designación.","30/11/1956",,,,"NO","https://www.rosario.gob.ar/normativa/ver/visualExterna.do?accion=verNormativa&idNormativa=46858"
"Decreto - Ordenanza",19289,1956,"Barrio Lisandro de La Torre. Calle Explanada. ""Coronel de Marina Martín Jacobo Thompson"". Designación","07/11/1956",,,,"NO","https://www.rosario.gob.ar/normativa/ver/visualExterna.do?accion=verNormativa&idNormativa=46866"
"Decreto - Ordenanza",17950,1956,"Avenida de la Libertad. Designación.","03/02/1956",,,,"NO","https://www.rosario.gob.ar/normativa/ver/visualExterna.do?accion=verNormativa&idNormativa=46857"
"Decreto - Ordenanza",17944,1956,"Juntas de Compras. Aprovisionamiento y Existencias. Creación. Funciones. Integración.","09/02/1956",,,,"NO","https://www.rosario.gob.ar/normativa/ver/visualExterna.do?accion=verNormativa&idNormativa=40652"
"Decreto - Ordenanza",16942,1955,"Uso de equipos amplificadores con altoparlantes. Prohibición.","15/03/1955",,,,"NO","https://www.rosario.gob.ar/normativa/ver/visualExterna.do?accion=verNormativa&idNormativa=180126"
