_category,_link_col,NUMERO,ANIO,PUBLICACION,CANTIDAD_NORMAS,LINK,TIPO,ASUNTO,FEC_SANCION,NRO_BOLETIN,ANIO_BOLETIN,FEC_PUBLICACION_BOLETIN,FUE_ACTUALIZADA,TEXTO_VIGENTE_NORMA,FEC_PROMULGACION
boletines,LINK,2055,2026,23/06/2026,3,https://www.rosario.gob.ar/normativa/ver/documento.do?accion=getPdf&id=2286&modo=attachment,,,,,,,,,
boletines,LINK,2054,2026,22/06/2026,2,https://www.rosario.gob.ar/normativa/ver/documento.do?accion=getPdf&id=2285&modo=attachment,,,,,,,,,
boletines,LINK,2053,2026,19/06/2026,13,https://www.rosario.gob.ar/normativa/ver/documento.do?accion=getPdf&id=2284&modo=attachment,,,,,,,,,
boletines,LINK,2052,2026,18/06/2026,2,https://www.rosario.gob.ar/normativa/ver/documento.do?accion=getPdf&id=2283&modo=attachment,,,,,,,,,
boletines,LINK,2051,2026,16/06/2026,3,https://www.rosario.gob.ar/normativa/ver/documento.do?accion=getPdf&id=2282&modo=attachment,,,,,,,,,
boletines,LINK,2050,2026,12/06/2026,4,https://www.rosario.gob.ar/normativa/ver/documento.do?accion=getPdf&id=2281&modo=attachment,,,,,,,,,
boletines,LINK,2049,2026,11/06/2026,1,https://www.rosario.gob.ar/normativa/ver/documento.do?accion=getPdf&id=2280&modo=attachment,,,,,,,,,
boletines,LINK,2048,2026,10/06/2026,2,https://www.rosario.gob.ar/normativa/ver/documento.do?accion=getPdf&id=2279&modo=attachment,,,,,,,,,
boletines,LINK,2047,2026,09/06/2026,2,https://www.rosario.gob.ar/normativa/ver/documento.do?accion=getPdf&id=2278&modo=attachment,,,,,,,,,
boletines,LINK,2046,2026,08/06/2026,2,https://www.rosario.gob.ar/normativa/ver/documento.do?accion=getPdf&id=2277&modo=attachment,,,,,,,,,
boletines,LINK,2045,2026,05/06/2026,5,https://www.rosario.gob.ar/normativa/ver/documento.do?accion=getPdf&id=2276&modo=attachment,,,,,,,,,
boletines,LINK,2044,2026,04/06/2026,1,https://www.rosario.gob.ar/normativa/ver/documento.do?accion=getPdf&id=2275&modo=attachment,,,,,,,,,
boletines,LINK,2043,2026,03/06/2026,2,https://www.rosario.gob.ar/normativa/ver/documento.do?accion=getPdf&id=2274&modo=attachment,,,,,,,,,
boletines,LINK,2042,2026,02/06/2026,3,https://www.rosario.gob.ar/normativa/ver/documento.do?accion=getPdf&id=2273&modo=attachment,,,,,,,,,
boletines,LINK,2041,2026,28/05/2026,1,https://www.rosario.gob.ar/normativa/ver/documento.do?accion=getPdf&id=2272&modo=attachment,,,,,,,,,
boletines,LINK,2040,2026,27/05/2026,1,https://www.rosario.gob.ar/normativa/ver/documento.do?accion=getPdf&id=2271&modo=attachment,,,,,,,,,
boletines,LINK,2039,2026,26/05/2026,5,https://www.rosario.gob.ar/normativa/ver/documento.do?accion=getPdf&id=2270&modo=attachment,,,,,,,,,
boletines,LINK,2038,2026,20/05/2026,2,https://www.rosario.gob.ar/normativa/ver/documento.do?accion=getPdf&id=2269&modo=attachment,,,,,,,,,
boletines,LINK,2037,2026,19/05/2026,3,https://www.rosario.gob.ar/normativa/ver/documento.do?accion=getPdf&id=2268&modo=attachment,,,,,,,,,
decretos,TEXTO_VIGENTE_NORMA,989,2026,,,,Decreto,Decreto N° 964/2024. Modificación.,23/06/2026,2055,2026,23/06/2026,NO,https://www.rosario.gob.ar/normativa/ver/visualExterna.do?accion=verNormativa&idNormativa=263594,
decretos,TEXTO_VIGENTE_NORMA,984,2026,,,,Decreto,Contrato de concesión. Mercado del Patio. Local 24. Transferencia. Autorización.,23/06/2026,2055,2026,23/06/2026,NO,https://www.rosario.gob.ar/normativa/ver/visualExterna.do?accion=verNormativa&idNormativa=263557,
decretos,TEXTO_VIGENTE_NORMA,983,2026,,,,Decreto,Propuesta comercial del Mercado del Centro. Local N° 7. Adjudicación. Aprobación.,23/06/2026,2055,2026,23/06/2026,NO,https://www.rosario.gob.ar/normativa/ver/visualExterna.do?accion=verNormativa&idNormativa=263556,
decretos,TEXTO_VIGENTE_NORMA,972,2026,,,,Decreto,"Licitación Pública ""Plazas de cercanía en diferentes Distritos de la Ciudad - 2026"". Adjudicación.",22/06/2026,2054,2026,22/06/2026,NO,https://www.rosario.gob.ar/normativa/ver/visualExterna.do?accion=verNormativa&idNormativa=263520,
decretos,TEXTO_VIGENTE_NORMA,966,2026,,,,Decreto,"Licitación Pública ""Contratación del Servicio de Limpieza Hospital de Emergencias Dr. Clemente Álvarez"". Pliego de Bases y Condiciones. Aprobación. Llamado.",22/06/2026,2054,2026,22/06/2026,NO,https://www.rosario.gob.ar/normativa/ver/visualExterna.do?accion=verNormativa&idNormativa=263493,
decretos,TEXTO_VIGENTE_NORMA,963,2026,,,,Decreto,"Licitación Pública ""Pavimento definitivo de hormigón Distrito Noroeste"". Adjudicación.",19/06/2026,2053,2026,19/06/2026,NO,https://www.rosario.gob.ar/normativa/ver/visualExterna.do?accion=verNormativa&idNormativa=263441,
decretos,TEXTO_VIGENTE_NORMA,962,2026,,,,Decreto,"Licitación Pública ""Pavimentos de hormigón y obras complementarias en la ciudad de Rosario"". Legajo. Aprobación. Llamado.",19/06/2026,2053,2026,19/06/2026,NO,https://www.rosario.gob.ar/normativa/ver/visualExterna.do?accion=verNormativa&idNormativa=263439,
decretos,TEXTO_VIGENTE_NORMA,961,2026,,,,Decreto,"Licitación Pública ""Ejecución de instalaciones para la generación de energía eléctrica 
alternativa en el Edificio Aduana"". Adjudicación.",19/06/2026,2053,2026,19/06/2026,NO,https://www.rosario.gob.ar/normativa/ver/visualExterna.do?accion=verNormativa&idNormativa=263432,
decretos,TEXTO_VIGENTE_NORMA,958,2026,,,,Decreto,"Licitación Pública ""Adquisición de equipos informáticos"". Adjudicación.",19/06/2026,2053,2026,19/06/2026,NO,https://www.rosario.gob.ar/normativa/ver/visualExterna.do?accion=verNormativa&idNormativa=263418,
decretos,TEXTO_VIGENTE_NORMA,952,2026,,,,Decreto,"Licitación Pública ""Contratación del servicio de descontaminación, desguace y 
compactación de vehículos, elementos en desuso y/o chatarra"". Adjudicación.",19/06/2026,2053,2026,19/06/2026,NO,https://www.rosario.gob.ar/normativa/ver/visualExterna.do?accion=verNormativa&idNormativa=263396,
decretos,TEXTO_VIGENTE_NORMA,950,2026,,,,Decreto,"Licitación Pública ''Intervenciones en Pavimento Definitivo de Hormigón"". Adjudicación",19/06/2026,2053,2026,19/06/2026,NO,https://www.rosario.gob.ar/normativa/ver/visualExterna.do?accion=verNormativa&idNormativa=263391,
decretos,TEXTO_VIGENTE_NORMA,949,2026,,,,Decreto,"Licitación Pública ""Espacios públicos y obras complementarias"". Adjudicación.",19/06/2026,2053,2026,19/06/2026,NO,https://www.rosario.gob.ar/normativa/ver/visualExterna.do?accion=verNormativa&idNormativa=263376,
decretos,TEXTO_VIGENTE_NORMA,948,2026,,,,Decreto,"Licitación Pública ""Terraplén B° Las Flores Sur - Sector Colectora"". Adjudicación.",19/06/2026,2053,2026,19/06/2026,NO,https://www.rosario.gob.ar/normativa/ver/visualExterna.do?accion=verNormativa&idNormativa=263378,
decretos,TEXTO_VIGENTE_NORMA,947,2026,,,,Decreto,"Licitación Pública ""Pavimentación asfáltica y rehabilitación de estructuras flexibles en la Ciudad de Rosario"". Adjudicación.",19/06/2026,2053,2026,19/06/2026,NO,https://www.rosario.gob.ar/normativa/ver/visualExterna.do?accion=verNormativa&idNormativa=263375,
decretos,TEXTO_VIGENTE_NORMA,946,2026,,,,Decreto,"Licitación Pública ""Reacondicionamiento de Obras Hidráulicas - Sistema Modular 2026"". Adjudicación.",19/06/2026,2053,2026,19/06/2026,NO,https://www.rosario.gob.ar/normativa/ver/visualExterna.do?accion=verNormativa&idNormativa=263371,
decretos,TEXTO_VIGENTE_NORMA,945,2026,,,,Decreto,"Licitación Pública ""Parque de la Colectora - Etapa 2"". Adjudicación.",19/06/2026,2053,2026,19/06/2026,NO,https://www.rosario.gob.ar/normativa/ver/visualExterna.do?accion=verNormativa&idNormativa=263369,
decretos,TEXTO_VIGENTE_NORMA,944,2026,,,,Decreto,"Licitación Pública ""Adquisición de artículos varios de impresión"". Adjudicación.",19/06/2026,2053,2026,19/06/2026,NO,https://www.rosario.gob.ar/normativa/ver/visualExterna.do?accion=verNormativa&idNormativa=263368,
decretos,TEXTO_VIGENTE_NORMA,943,2026,,,,Decreto,Programa de Letras del Tesoro 2026. Emisión. Condiciones. Disposición.,18/06/2026,2052,2026,18/06/2026,NO,https://www.rosario.gob.ar/normativa/ver/visualExterna.do?accion=verNormativa&idNormativa=263357,
decretos,TEXTO_VIGENTE_NORMA,942,2026,,,,Decreto,"Licitación Pública ""Contratación del servicio de seguridad y vigilancia privada CMD Centro Antonio Berni"". Prórroga.",18/06/2026,2052,2026,18/06/2026,NO,https://www.rosario.gob.ar/normativa/ver/visualExterna.do?accion=verNormativa&idNormativa=263315,
decretos,TEXTO_VIGENTE_NORMA,940,2026,,,,Decreto,"Distinción especial ""Orden del Rosario"". ""Asociación Civil Amigos del Voluntariado 
de la Maternidad Martin"". ""Servicio de Voluntarias del Hospital Roque Sáenz Peña"". 
""Servicio de Voluntarios del Hospital de Niños Victor J. Vilela"". Otorgamiento.",16/06/2026,2051,2026,16/06/2026,NO,https://www.rosario.gob.ar/normativa/ver/visualExterna.do?accion=verNormativa&idNormativa=263179,
decretos,TEXTO_VIGENTE_NORMA,939,2026,,,,Decreto,Día de la Bandera. Sexagésimo noveno aniversario inauguración oficial Monumento Nacional a la Bandera. Embanderamiento. Invitación. Inmuebles municipales. Disposición.,16/06/2026,2051,2026,16/06/2026,NO,https://www.rosario.gob.ar/normativa/ver/visualExterna.do?accion=verNormativa&idNormativa=263177,
decretos,TEXTO_VIGENTE_NORMA,933,2026,,,,Decreto,Decreto Nº 68.061. Plazo. Prórroga.,16/01/2026,2051,2026,16/06/2026,NO,https://www.rosario.gob.ar/normativa/ver/visualExterna.do?accion=verNormativa&idNormativa=263160,
decretos,TEXTO_VIGENTE_NORMA,930,2026,,,,Decreto,"Licitación Pública ""Nacional e internacional para la concesión del ex predio La Rural ubicado en el Parque Independencia de la ciudad de Rosario, Provincia de Santa Fe"". Adjudicación.",12/06/2026,2050,2026,12/06/2026,NO,https://www.rosario.gob.ar/normativa/ver/visualExterna.do?accion=verNormativa&idNormativa=263099,
decretos,TEXTO_VIGENTE_NORMA,928,2026,,,,Decreto,"Licitación Pública ""Contratación de un servicio integral de transporte aéreo sanitario (HEMS)"". Pliego de bases y condiciones. Aprobación. Llamado.",12/06/2026,2050,2026,12/06/2026,NO,https://www.rosario.gob.ar/normativa/ver/visualExterna.do?accion=verNormativa&idNormativa=263075,
decretos,TEXTO_VIGENTE_NORMA,923,2026,,,,Decreto,"Licitación Pública ""Contratación del Servicio de Limpieza en el Hospital de Niños Víctor J. Vilela"". Pliego de bases y condiciones. Aprobación. Llamado.",12/06/2026,2050,2026,12/06/2026,NO,https://www.rosario.gob.ar/normativa/ver/visualExterna.do?accion=verNormativa&idNormativa=263069,
decretos,TEXTO_VIGENTE_NORMA,913,2026,,,,Decreto,"Licitación Pública ""Ampliación y Reforma Centro de Salud Ceferino Namuncurá-Etapa 2"". Adjudicación.",11/06/2026,2049,2026,11/06/2026,NO,https://www.rosario.gob.ar/normativa/ver/visualExterna.do?accion=verNormativa&idNormativa=262996,
decretos,TEXTO_VIGENTE_NORMA,909,2026,,,,Decreto,"Licitación Pública ""Sellado de juntas, grietas y fisuras en pavimentos de hormigón"". Legajo. Aprobación. Llamado.",10/06/2026,2048,2026,10/06/2026,NO,https://www.rosario.gob.ar/normativa/ver/visualExterna.do?accion=verNormativa&idNormativa=262948,
decretos,TEXTO_VIGENTE_NORMA,908,2026,,,,Decreto,"Licitación Pública ""Bacheo asfáltico en pequeñas superficies en la Ciudad de Rosario, zonas Sur-Suroeste, NorteNoroeste y Centro-Oeste"". Legajo. Aprobación. Llamado.",10/06/2026,2048,2026,10/06/2026,NO,https://www.rosario.gob.ar/normativa/ver/visualExterna.do?accion=verNormativa&idNormativa=262947,
decretos,TEXTO_VIGENTE_NORMA,902,2026,,,,Decreto,"Licitación Pública ""Provisión de caños, chapas, y planchuelas"". Adjudicación.",09/06/2026,2047,2026,09/06/2026,NO,https://www.rosario.gob.ar/normativa/ver/visualExterna.do?accion=verNormativa&idNormativa=262913,
decretos,TEXTO_VIGENTE_NORMA,898,2026,,,,Decreto,"Licitación Pública ""Servicio de Mantenimiento del Sistema Integral de Video Vigilancia Urbano Municipal"". Monto contractual. Ampliación.",09/06/2026,2047,2026,09/06/2026,NO,https://www.rosario.gob.ar/normativa/ver/visualExterna.do?accion=verNormativa&idNormativa=262908,
decretos,TEXTO_VIGENTE_NORMA,897,2026,,,,Decreto,Decreto Nº 0838/2026. Modificación.,08/06/2026,2046,2026,08/06/2026,NO,https://www.rosario.gob.ar/normativa/ver/visualExterna.do?accion=verNormativa&idNormativa=262894,
decretos,TEXTO_VIGENTE_NORMA,885,2026,,,,Decreto,"Licitación Pública ""Contratación del servicio de lavadero para la ropa hospitalaria del Hospital de Emergencias Dr. Clemente Álvarez"". Adjudicación.",05/06/2026,2045,2026,05/06/2026,NO,https://www.rosario.gob.ar/normativa/ver/visualExterna.do?accion=verNormativa&idNormativa=262797,
decretos,TEXTO_VIGENTE_NORMA,883,2026,,,,Decreto,"Licitación Pública ""Pavimento definitivo en Barrio Triángulo Sectores 1 y 2"". Legajo. Aprobación. Llamado.",05/06/2026,2045,2026,05/06/2026,NO,https://www.rosario.gob.ar/normativa/ver/visualExterna.do?accion=verNormativa&idNormativa=262792,
decretos,TEXTO_VIGENTE_NORMA,882,2026,,,,Decreto,"Licitación Pública ""Remodelación Av. Casiano Casas - Etapa I"". Legajo. Aprobación. Llamado.",05/06/2026,2045,2026,05/06/2026,NO,https://www.rosario.gob.ar/normativa/ver/visualExterna.do?accion=verNormativa&idNormativa=262791,
decretos,TEXTO_VIGENTE_NORMA,880,2026,,,,Decreto,"""Programa Municipal de Prevención y Detección Temprana del Cáncer de Mama"". Creación.",05/06/2026,2045,2026,05/06/2026,NO,https://www.rosario.gob.ar/normativa/ver/visualExterna.do?accion=verNormativa&idNormativa=262788,
decretos,TEXTO_VIGENTE_NORMA,863,2026,,,,Decreto,"Licitación Pública ""Para la obra Parque Acuático - Costanera Norte"". Adjudicación.",01/06/2026,2043,2026,03/06/2026,NO,https://www.rosario.gob.ar/normativa/ver/visualExterna.do?accion=verNormativa&idNormativa=262535,
decretos,TEXTO_VIGENTE_NORMA,861,2026,,,,Decreto,Nuevos valores tarifarios. Vehículos contratados. Aprobación.,29/05/2026,2042,2026,02/06/2026,NO,https://www.rosario.gob.ar/normativa/ver/visualExterna.do?accion=verNormativa&idNormativa=262423,
decretos,TEXTO_VIGENTE_NORMA,858,2026,,,,Decreto,Módulo de Contratación (MC). Valor. Adecuación.,29/05/2026,2042,2026,02/06/2026,NO,https://www.rosario.gob.ar/normativa/ver/visualExterna.do?accion=verNormativa&idNormativa=262405,
decretos,TEXTO_VIGENTE_NORMA,857,2026,,,,Decreto,"Licitación Pública ""Servicio de recolección, transporte, tratamiento y disposición final de residuos biopatogénicos, generados en los establecimientos de salud"". Adjudicación.",29/05/2026,2042,2026,02/06/2026,NO,https://www.rosario.gob.ar/normativa/ver/visualExterna.do?accion=verNormativa&idNormativa=262401,
decretos,TEXTO_VIGENTE_NORMA,847,2026,,,,Decreto,Ordenanza Nº 9.987. Atículo 7°. Reglamentación.,26/05/2026,2039,2026,26/05/2026,NO,https://www.rosario.gob.ar/normativa/ver/visualExterna.do?accion=verNormativa&idNormativa=262187,
decretos,TEXTO_VIGENTE_NORMA,844,2026,,,,Decreto,Servicio de ascensor. Monumento Nacional a la Bandera. Tarifa. Fijación.,26/05/2026,2040,2026,27/05/2026,NO,https://www.rosario.gob.ar/normativa/ver/visualExterna.do?accion=verNormativa&idNormativa=262190,
decretos,TEXTO_VIGENTE_NORMA,841,2026,,,,Decreto,Decreto-Ordenanza N° 2.649. Artículo 63º. Reglamentación.,26/05/2026,2039,2026,26/05/2026,NO,https://www.rosario.gob.ar/normativa/ver/visualExterna.do?accion=verNormativa&idNormativa=262158,
decretos,TEXTO_VIGENTE_NORMA,838,2026,,,,Decreto,"Licitación Pública ""Contratación del servicio de limpieza predios de la Subsecretaría de Deporte, Subsecretaría de Turismo, ex edificio y edificio actual de la Secretaría de Deporte y Turismo"". Adjudicación.",26/05/2026,2039,2026,26/05/2026,NO,https://www.rosario.gob.ar/normativa/ver/visualExterna.do?accion=verNormativa&idNormativa=262153,
decretos,TEXTO_VIGENTE_NORMA,837,2026,,,,Decreto,Acta acuerdo de intercambio. Laboratorio Industrial Farmacéutico Sociedad del Estado (L.I.F. S.E.) - Laboratorio de Especialidades Medicinales Sociedad del Estado (L.E.M. S.E.). Ratificación.,26/05/2026,2039,2026,26/05/2026,NO,https://www.rosario.gob.ar/normativa/ver/visualExterna.do?accion=verNormativa&idNormativa=262148,
decretos,TEXTO_VIGENTE_NORMA,826,2026,,,,Decreto,"Licitación Pública ""Contratación del Servicio de Seguridad y Vigilancia en el CMD Sudoeste Emilia Bertolé"". Pliego de bases y condiciones. Aprobación. Llamado.",19/05/2026,2038,2026,20/05/2026,NO,https://www.rosario.gob.ar/normativa/ver/visualExterna.do?accion=verNormativa&idNormativa=261772,
decretos,TEXTO_VIGENTE_NORMA,818,2026,,,,Decreto,"Biblioteca Argentina ""Dr. Juan Álvarez"". Prestaciones varias. Nuevos precios. Disposición.",19/05/2026,2038,2026,20/05/2026,NO,https://www.rosario.gob.ar/normativa/ver/visualExterna.do?accion=verNormativa&idNormativa=261757,
decretos,TEXTO_VIGENTE_NORMA,811,2026,,,,Decreto,Ordenanza N° 8.422. Numeración. Modificación.,18/05/2026,2037,2026,19/05/2026,NO,https://www.rosario.gob.ar/normativa/ver/visualExterna.do?accion=verNormativa&idNormativa=261649,
decretos_concejo_municipal,TEXTO_VIGENTE_NORMA,69622,2026,,,,Decreto Concejo Municipal,EXPTE. N° 16981-C-26. DECLARACION DE INSTITUCION DISTINGUIDA A ROSARIO SOLIDARIA EN EL MARCO DE SU 15 ANIVERSARIO.,21/05/2026,,,,NO,https://www.rosario.gob.ar/normativa/ver/visualExterna.do?accion=verNormativa&idNormativa=263797,02/06/2026
decretos_concejo_municipal,TEXTO_VIGENTE_NORMA,69621,2026,,,,Decreto Concejo Municipal,"Declarase de Interés Municipal el evento ""Coyuntura Económica e Inversión"", con la disertación del economista Claudio zuchovicki.",21/05/2026,,,,NO,https://www.rosario.gob.ar/normativa/ver/visualExterna.do?accion=verNormativa&idNormativa=262770,08/06/2026
decretos_concejo_municipal,TEXTO_VIGENTE_NORMA,69619,2026,,,,Decreto Concejo Municipal,"Visitante Distinguido. Sr. Embajador de la República Argelina Democrática y Popular en la República Argentina, Lotfi Sebouai. Declaración.",21/05/2026,,,,NO,https://www.rosario.gob.ar/normativa/ver/visualExterna.do?accion=verNormativa&idNormativa=263367,01/06/2026
decretos_concejo_municipal,TEXTO_VIGENTE_NORMA,69487,2026,,,,Decreto Concejo Municipal,"Encomiendase al D.E.M. que, de cumplimiento a lo establecido en la ordenanza nro 10749",21/05/2026,,,,NO,https://www.rosario.gob.ar/normativa/ver/visualExterna.do?accion=verNormativa&idNormativa=262794,08/06/2026
decretos_concejo_municipal,TEXTO_VIGENTE_NORMA,69440,2026,,,,Decreto Concejo Municipal,"Declarase de Interés Municipal a la ""240"" Reunión del Concejo Directivo de la Federación Empresaria Hotelera Gastronómica de la República Argentina.",07/05/2026,,,,NO,https://www.rosario.gob.ar/normativa/ver/visualExterna.do?accion=verNormativa&idNormativa=263100,26/05/2026
decretos_concejo_municipal,TEXTO_VIGENTE_NORMA,69438,2026,,,,Decreto Concejo Municipal,"Declarase de interés Municipal el 70 aniversario de la ""Galería Rosario"".",07/05/2026,,,,NO,https://www.rosario.gob.ar/normativa/ver/visualExterna.do?accion=verNormativa&idNormativa=262812,26/05/2026
decretos_concejo_municipal,TEXTO_VIGENTE_NORMA,69437,2026,,,,Decreto Concejo Municipal,Periodista Distinguida de la Ciudad. Mg. Lic. Karina Vimonte. Declaración.,07/05/2026,,,,NO,https://www.rosario.gob.ar/normativa/ver/visualExterna.do?accion=verNormativa&idNormativa=263447,19/05/2026
decretos_concejo_municipal,TEXTO_VIGENTE_NORMA,69431,2026,,,,Decreto Concejo Municipal,Otorgase diploma de honor al equipo de voley masculino de Sonder.,07/05/2026,,,,NO,https://www.rosario.gob.ar/normativa/ver/visualExterna.do?accion=verNormativa&idNormativa=263258,18/05/2026
decretos_concejo_municipal,TEXTO_VIGENTE_NORMA,69394,2026,,,,Decreto Concejo Municipal,Declarase de Interés Municipal la fiesta del trabajador y la trabajadora de la alimentación organizada por el sind. de trabajadores de la industria de la alimentación.,07/05/2026,,,,NO,https://www.rosario.gob.ar/normativa/ver/visualExterna.do?accion=verNormativa&idNormativa=262820,26/05/2026
decretos_concejo_municipal,TEXTO_VIGENTE_NORMA,69388,2026,,,,Decreto Concejo Municipal,"Interés Municipal. Convenio de Cooperación institucional y Conferencia II Silencio Administrativo y Acceso a la Justicia"". 27 de abril. Colegio de Abogados de Rosario. Declaración.",23/04/2026,,,,NO,https://www.rosario.gob.ar/normativa/ver/visualExterna.do?accion=verNormativa&idNormativa=261939,14/05/2026
decretos_concejo_municipal,TEXTO_VIGENTE_NORMA,69357,2026,,,,Decreto Concejo Municipal,Declarase a la Delegación Rosario de la Camara Argentina de la Construcción como institución de la ciudad de Rosario.,23/04/2026,,,,NO,https://www.rosario.gob.ar/normativa/ver/visualExterna.do?accion=verNormativa&idNormativa=262739,15/05/2026
decretos_concejo_municipal,TEXTO_VIGENTE_NORMA,69288,2026,,,,Decreto Concejo Municipal,Declarase de Interés Municipal el festival gastronómico Burgerland 2.0 edición 2026,09/04/2026,,,,NO,https://www.rosario.gob.ar/normativa/ver/visualExterna.do?accion=verNormativa&idNormativa=262805,21/04/2026
decretos_concejo_municipal,TEXTO_VIGENTE_NORMA,69268,2026,,,,Decreto Concejo Municipal,Declarase de Interés Municipal al desfile de Lanka Modls-Edición 22.,09/04/2026,,,,NO,https://www.rosario.gob.ar/normativa/ver/visualExterna.do?accion=verNormativa&idNormativa=262806,21/04/2026
decretos_concejo_municipal,TEXTO_VIGENTE_NORMA,145,2026,,,,Decreto Concejo Municipal,"AUTORIZA EXCEPCIONALMENTE Ingreso al inmueble sito en calle Massa Elsa ""Chiche, cuyos titulares registrales son GODOY, Débora y CÓRDOBA, Mario Daniel,a fin de realizar tareas de limpieza, desmalezamiento y cerramiento",23/06/2026,,,,NO,https://www.rosario.gob.ar/normativa/ver/visualExterna.do?accion=verNormativa&idNormativa=263622,
ordenanzas,TEXTO_VIGENTE_NORMA,10912,2026,,,,Ordenanza,Decreto-Ordenanza Nº 27 .800/62. Modificación.,21/05/2026,2050,2026,12/06/2026,NO,https://www.rosario.gob.ar/normativa/ver/visualExterna.do?accion=verNormativa&idNormativa=263065,10/06/2026
ordenanzas,TEXTO_VIGENTE_NORMA,10910,2026,,,,Ordenanza,"""Programa de Formación y Capacitación para Choferes del Servicio Público de Taxis"". Creación.",07/05/2026,2053,2026,19/06/2026,NO,https://www.rosario.gob.ar/normativa/ver/visualExterna.do?accion=verNormativa&idNormativa=263365,18/05/2026
ordenanzas,TEXTO_VIGENTE_NORMA,10906,2026,,,,Ordenanza,"""Plaza Gran Ducado de Luxemburgo"". Designación.",07/05/2026,2045,2026,05/06/2026,NO,https://www.rosario.gob.ar/normativa/ver/visualExterna.do?accion=verNormativa&idNormativa=262795,15/05/2026
ordenanzas,TEXTO_VIGENTE_NORMA,10905,2026,,,,Ordenanza,"Estudios de Costos. Tarifas de Servicios Públicos del Transporte Urbano de Pasajeros, Taxis y Remises.  Obligatoriedad de publicación. Disposición.",23/04/2026,2043,2026,03/06/2026,NO,https://www.rosario.gob.ar/normativa/ver/visualExterna.do?accion=verNormativa&idNormativa=262448,11/05/2026
ordenanzas,TEXTO_VIGENTE_NORMA,10904,2026,,,,Ordenanza,"Venta de bolsitas, sobres o dispositivos de uso oral, que contengan nicotina. Comercialización, restricciones y controles. Régimen aplicable.",23/04/2026,2041,2026,28/05/2026,NO,https://www.rosario.gob.ar/normativa/ver/visualExterna.do?accion=verNormativa&idNormativa=262312,19/05/2026
ordenanzas,TEXTO_VIGENTE_NORMA,10901,2026,,,,Ordenanza,Ordenanza Nº 10.114. Modificación.,09/04/2026,2037,2026,19/05/2026,NO,https://www.rosario.gob.ar/normativa/ver/visualExterna.do?accion=verNormativa&idNormativa=261723,21/04/2026
ordenanzas,TEXTO_VIGENTE_NORMA,6730,1998,,,,Ordenanza,"Urbanización Barrio ""La Cerámica"" - Cooperativa de Vivienda, Crédito y Consumo ""Lealtad"". Aprobación.",03/12/1998,,,,NO,https://www.rosario.gob.ar/normativa/ver/visualExterna.do?accion=verNormativa&idNormativa=262416,23/12/1998
ordenanzas,TEXTO_VIGENTE_NORMA,6729,1998,,,,Ordenanza,Propiedad en calle Ovidio Lagos. Arzobispado de Rosario. Uso. Otorgamiento.,03/12/1998,,,,NO,https://www.rosario.gob.ar/normativa/ver/visualExterna.do?accion=verNormativa&idNormativa=262418,
ordenanzas,TEXTO_VIGENTE_NORMA,6728,1998,,,,Ordenanza,"Programa Anual ""Los Libros en los Espacios Públicos de mi Ciudad"". Creación.",03/12/1998,,,,NO,https://www.rosario.gob.ar/normativa/ver/visualExterna.do?accion=verNormativa&idNormativa=262420,16/12/1998
ordenanzas,TEXTO_VIGENTE_NORMA,6726,1998,,,,Ordenanza,Calle Esteban de Luca. Creación.,03/12/1998,,,,NO,https://www.rosario.gob.ar/normativa/ver/visualExterna.do?accion=verNormativa&idNormativa=262421,
ordenanzas,TEXTO_VIGENTE_NORMA,6725,1998,,,,Ordenanza,Ordenanza N° 6506. Modificación.,03/12/1998,,,,NO,https://www.rosario.gob.ar/normativa/ver/visualExterna.do?accion=verNormativa&idNormativa=262422,
ordenanzas,TEXTO_VIGENTE_NORMA,6724,1998,,,,Ordenanza,Régimen especial de regularización. Deudas por Tasa General de Inmuebles. Establecimiento.,03/12/1998,,,,NO,https://www.rosario.gob.ar/normativa/ver/visualExterna.do?accion=verNormativa&idNormativa=262424,
ordenanzas,TEXTO_VIGENTE_NORMA,5785,1994,,,,Ordenanza,"""Complejo de Salud Martín"". Creación.",28/04/1994,,,,NO,https://www.rosario.gob.ar/normativa/ver/visualExterna.do?accion=verNormativa&idNormativa=262929,15/05/1994
ordenanzas,TEXTO_VIGENTE_NORMA,5720,1993,,,,Ordenanza,"Plaza ""Antonio Berni"". Creación.",02/12/1993,,,,NO,https://www.rosario.gob.ar/normativa/ver/visualExterna.do?accion=verNormativa&idNormativa=262971,22/12/1993
resoluciones_concejo_municipal,TEXTO_VIGENTE_NORMA,6099,2026,,,,Resolución Concejo Municipal,EXPTE. N° 16984-C-26. EL C. CM. R. RESUELVE CONVOCAR A UNA JORNADA DE DEBATE Y CAPAC. ACERCA DE LAS HERRAM. E INTERV. PROF. EN SITUACIONES DE ABUSOS EN LAS NIÑECES Y ADOLESCENCIAS.,21/05/2026,,,,NO,https://www.rosario.gob.ar/normativa/ver/visualExterna.do?accion=verNormativa&idNormativa=263798,02/06/2026
resoluciones_concejo_municipal,TEXTO_VIGENTE_NORMA,6098,2026,,,,Resolución Concejo Municipal,"""Comisión de Seguimiento de la Emergencia de TUP"". Integrantes por el Concejo Municipal. Designación.",21/05/2026,2044,2026,04/06/2026,NO,https://www.rosario.gob.ar/normativa/ver/visualExterna.do?accion=verNormativa&idNormativa=262787,28/05/2026
resoluciones_concejo_municipal,TEXTO_VIGENTE_NORMA,6097,2026,,,,Resolución Concejo Municipal,"""Mesa Permanente sobre Economía Circular"". Integrantes. Designación.",21/05/2026,2046,2026,08/06/2026,NO,https://www.rosario.gob.ar/normativa/ver/visualExterna.do?accion=verNormativa&idNormativa=262889,05/06/2026
resoluciones_concejo_municipal,TEXTO_VIGENTE_NORMA,6094,2026,,,,Resolución Concejo Municipal,Comisión Fiscalizadora de Discapacidad. Integrante. Designación.,23/04/2026,2037,2026,19/05/2026,NO,https://www.rosario.gob.ar/normativa/ver/visualExterna.do?accion=verNormativa&idNormativa=261719,05/05/2026
resoluciones_concejo_municipal,TEXTO_VIGENTE_NORMA,6093,2026,,,,Resolución Concejo Municipal,"Consejo Municipal de Promoción y Protección Integral de los Derechos de Niñas, Niños y Adolescentes. Concejales. Integrantes. Designación.",23/04/2026,2039,2026,26/05/2026,NO,https://www.rosario.gob.ar/normativa/ver/visualExterna.do?accion=verNormativa&idNormativa=261930,04/05/2026
resoluciones_concejo_municipal,TEXTO_VIGENTE_NORMA,4214,2002,,,,Resolución Concejo Municipal,Designar Presidenta del H. Cuerpo a la Señora Concejala Dra. Luisa Donni,02/08/2002,,,,NO,https://www.rosario.gob.ar/normativa/ver/visualExterna.do?accion=verNormativa&idNormativa=24867,12/09/2002
